[H]OC(c1ccc(cc1)n1c(c2ccccc2O[H])nc(c2ccccc2O[H])n1)=O,4.05
CN1CCN(CC1)CC(=O)N(C)c2ccc(cc2)N/C(=C\3/c4ccc(cc4NC3=O)C(=O)OC)/c5ccccc5,9.5
C(SP(O)(O)=O)CNCCCN,0.15
O1[C@H](CC[C@@H](N(C)C)[C@@H]1C)O[C@@H]1[C@@H](C[C@@H]([C@@H]([C@@H](OC)[C@@H](CC(O[C@H](C)CC=CC=C1)=O)O)O[C@@H]1O[C@@H]([C@H]([C@@H]([C@H]1O)N(C)C)O[C@@H]1O[C@H]([C@@H]([C@@](C1)(O)C)O)C)C)CC=O)C,5.2
c1([C@@H](c2ccccc2)CC)c(c2c(cccc2)oc1=O)O,126.0
NC(=N)c1ccc(cc1)C(=O)N[C@@H](Cc2ccc(O)cc2)C(=O)N3CCC(CC3)OCC(=O)O,2.1
CC(=O)O[C@H]1C[C@@H]2CC[C@@H]3[C@H](CC[C@@]4(C)[C@H]3C[C@@H]([C@@H]4OC(=O)C)[N+]5(C)CCCCC5)[C@@]2(C)C[C@@H]1[N+]6(C)CCCCC6,1.9
CC1(C)C[C@@H]1C(=O)N\C(=C/CCCCSC[C@H](N)C(=O)O)\C(=O)O,0.86
CNC(=O)c1cccc2c(Nc3ccc(NS(=O)(=O)C)cc3OC)c4cccc(C)c4nc12,2.4
C(C(C)C)CCCCCCC(=O)N[C@H]1[C@H](Oc2c3cc4[C@H](C(N[C@@H]5c6cc(c7c([C@@H](NC([C@H]([C@@H](c8cc(c(O3)cc8)Cl)O[C@H]3[C@@H]([C@H]([C@H](O)[C@H](O3)CO)O)NC(C)=O)NC5=O)=O)C(=O)O)cc(O)cc7O[C@H]3O[C@@H]([C@@H](O)[C@@H]([C@@H]3O)O)CO)c(cc6)O)=O)NC([C@@H]3c5cc(Oc6cc(ccc6O)[C@@H](C(N[C@@H](C(N3)=O)Cc3cc(c(Oc2c4)cc3)Cl)=O)N)cc(c5)O)=O)O[C@@H]([C@H](O)[C@@H]1O)CO,66.8
O([C@@H]([C@H](NC([C@H](CCN)O)=O)C1)[C@@H](O)[C@@H]([C@H]1N)O[C@@]1([C@H](N)CC=C(O1)CNCCO)[H])[C@]([C@H](O)[C@@H](NC)[C@@]1(C)O)(OC1)[H],3.4
NC(=O)C1(CCN(CCC(C#N)(c2ccccc2)c3ccccc3)CC1)N4CCCCC4,8.0
CC1(C)\C(=C\C=C\C=C\C=C/C2=[N+](CCCCS(=O)(=O)[O-])c3ccc4ccccc4c3C2(C)C)\N(CCCCS(=O)(=O)O)c5ccc6ccccc6c15,0.065
n1(Cc2ccc(cc2)F)c(N2CCC(CC2)N(C)c2nccc([nH]2)=O)nc2c1cccc2,9.6
CN1CCN(CC1)C2=Nc3cc(Cl)ccc3Nc4ccccc24,10.0
c12ccccc1c(c(c(n2)C1CC1)\C=C\[C@H](C[C@H](CC(=O)O)O)O)c1ccc(cc1)F,4.6
CC(=O)O[C@H]1C[C@@H]2CC[C@@H]3[C@H](CC[C@@]4(C)[C@H]3C[C@@H]([C@@H]4OC(=O)C)N5CC[N+](C)(C)CC5)[C@@]2(C)C[C@@H]1N6CC[N+](C)(C)CC6,1.9
CCN(CC)CCNC(=O)c1cc(Br)c(N)cc1OC,2.9
C[C@H](C(=O)N[C@H](CCCNC(=N)N)C(=O)N)NC(=O)[C@@H](CCCNC(=N)N)NC(=O)[C@@H](CCCNC(=N)N)NC(=O)[C@@H](CCCNC(=N)N)NC(=O)[C@@H](C)NC(=O)[C@@H](CSSC[C@@H](C(=O)O)N)NC(=O)C,19.05
CN1CC(c2ccccc2)c3cccc(N)c3C1,6.5
CCN[C@@H]1C[C@H](N)[C@@H](O[C@H]2OC(=CC[C@H]2N)CN)[C@H](O)[C@H]1O[C@H]3OC[C@](C)(O)[C@H](NC)[C@H]3O,3.2
n1(c2c(cccc2)[nH]c1=O)C=1CC[N@@](CCCC(c2ccc(F)cc2)=O)CC1,1.9
CN1C(=O)CN=C(c2ccccc2)c3cc(Cl)ccc13,42.0
CCN(C)C(=O)Oc1cccc(c1)[C@H](C)N(C)C,1.4
CC(C)N(CC[C@@]1(C(N=C(C)N2CCCC[C@H]12)=O)c1ccccc1)C(C)C,1.89
[H]N([H])C1(CC1)C(=O)O[H],5.9
[H]OC(COc1cccc2C[C@H]3[C@H](CC[C@@H](CCCCC)O[H])[C@H](C[C@H]3Cc12)O[H])=O,0.82
CCN1C=C(C(=O)O)C(=O)c2cc(F)c(nc12)N3CCNCC3,5.1
COc1ccsc1CNCC[C@]2(CCOC3(C2)CCCC3)c4ccccn4,1.8
Cc1ccsc1C(=CCCN2CCC[C@H](C2)C(=O)O)c3sccc3C,10.0
c1ccc(cc1)C2(C(=O)NC(=O)N2)c3ccccc3,16.8
CCCC(C)C1(CC)C(=O)NC(=S)NC1=O,2.0
Cn1cc(NC(=O)Nc2cc(C(=O)Nc3cc(C(=O)Nc4ccc5cc(cc(c5c4)S(=O)(=O)O)S(=O)(=O)O)n(C)c3)n(C)c2)cc1C(=O)Nc6cc(C(=O)Nc7ccc8cc(cc(c8c7)S(=O)(=O)O)S(=O)(=O)O)n(C)c6,730.0
c1cn(c(=O)nc1N)[C@H]2CO[C@H](S2)CO,19.2
c1(OC(N(CCCCCCN(C(Oc2c[n+](ccc2)C)=O)C)C)=O)c[n+](ccc1)C,59.8
CC[N+](CC)(CC)CCOc1cccc(c1OCC[N+](CC)(CC)CC)OCC[N+](CC)(CC)CC,2.52
O=C(Cc1csc(N)n1)Nc3ccc(CCNC[C@H](O)c2ccccc2)cc3,50.0
COC(=O)CCc1ccc(OCC(O)CNC(C)C)cc1,0.15
Clc1ccc2NC(=O)CN=C(c3ccccc3)c2c1,46.0
c12c(ccc(c2)OC)nccc1CCC[C@@H]1[C@@H](CNCC1)C=C,12.1
"C(=O)([C@@H](COC)NC(=O)C)NCc1ccccc1
",12.3
C(c1ccccc1)C[C@H](N[C@H](C(N1Cc2c(C[C@H]1C(O)=O)cc(OC)c(c2)OC)=O)C)C(OCC)=O,1.3
c1(c(c2c(c(F)c(cc2n(c1)C1CC1)N1C[C@@H](C)NCC1)C)=O)C(=O)O,9.2
c1ccc2c(c1)/C(=C/CCN3CCN(CC3)CCO)/c4cc(ccc4S2)C(F)(F)F,34.2
CN1C(=C(O)c2sccc2S1(=O)=O)C(=O)Nc3ccccn3,67.0
FC1=CNC(=O)NC1=O,0.12
N[C@@H](C)[C@H](O)CCCCCCCCCCCCCCC,29.7
N1CCC(CC1)C(=O)Nc1sc(cn1)SCc1oc(cn1)C(C)(C)C,9.3
COC(=O)C(C1CCCCN1)c2ccccc2,4.8
Brc1ccc2NC(=O)CN=C(c3ccccn3)c2c1,21.0
c12C(=NCC(=O)Nc1ccc(c2)Br)c1c(cccc1)Cl,14.88
CC[C@H]1NC(=O)[C@@H](NC(=O)c2ncccc2O)[C@@H](C)OC(=O)[C@@H](NC(=O)[C@@H]3CC(=O)[C@H](CS[C@@H]4CN5CCC4CC5)CN3C(=O)C(Cc6ccc(cc6)N(C)C)N(C)C(=O)[C@@H]7CCCN7C1=O)c8ccccc8,0.87
CC(C)[C@@H](C(=O)N1CCC[C@H]1C(=O)Nc2ccc(cc2)[C@@H]3CC[C@H](N3c4ccc(cc4)C(C)(C)C)c5ccc(cc5)NC(=O)[C@@H]6CCCN6C(=O)[C@H](C(C)C)NC(=O)OC)NC(=O)OC,28.49
c1cc(c(cc1)C)C(=O)Nc1ccc(C(=O)N2CCC[C@@H](c3c2ccc(c3)Cl)O)c(c1)C,2.9
CC[C@@]1(O)C(=O)OCC2=C1C=C3N(Cc4cc5c(N)cccc5nc34)C2=O,7.0
COc1cc(NCc2ccc3nc(N)nc(N)c3c2C)cc(OC)c1OC,17.0
c1ccc(cc1)CC[C@H](N[C@@H]1C(N2[C@@H](CCC[N@@]2CCC1)C(O)=O)=O)C(O)=O,50.6
COC(=O)C1=C(C)NC(=C(C1c2ccccc2N(=O)=O)C(=O)OCC(C)C)C,11.0
NC1=NC(=O)N(C[C@@H](CO)OCP(=O)(O)O)C=C1,2.6
Cc1nccn1CC2CCc3c(C2=O)c4ccccc4n3C,3.4
CC1=C(N2[C@H](SC1)[C@H](NC(=O)[C@H](N)C3=CCC=CC3)C2=O)C(=O)O,0.85
[H]Oc1ccc2c(C[C@H](CCCCCCCCCS(CCCC(C(F)(F)F)(F)F)=O)C3[C@@H]2CC[C@@]2(C)[C@H]3CC[C@@H]2O[H])c1,16.0
Cc1ccc(cc1)C(=O)N(CCCN)C(c2nc3c(c(ns3)C)c(=O)n2Cc4ccccc4)C(C)C,16.3
C[C@](N)(Cc1ccc(O)c(O)c1)C(=O)O,5.9
C1C[C@H](CC[C@@]21c1cc(OCC)ccc1N(S(=O)(c1c(cc(C(NC(C)(C)C)=O)cc1)OC)=O)C2=O)OCCN1CCOCC1,10.4
Cc1cc2c(c(c1OC)O)[C@@H]3[C@@H]4[C@H]5c6c(c7c(c(c6OC(=O)C)C)OCO7)[C@@H](N4[C@H]([C@H](C2)N3C)O)COC(=O)[C@@]8(CS5)c9c(c1cc(ccc1[nH]9)OC)CCN8,50.68
C1C[C@@H]2[C@H]3CCC[N@+]4([C@H]3[C@@H](CCC4)CN2C(=O)C1)[O-],1.69
O1[C@H](O[C@H]2[C@@H](C[C@@H]([C@H]([C@@H]2O)O[C@H]2O[C@@H](CC[C@H]2N)CN)N)NC([C@H](CCN)O)=O)[C@H](O)[C@H]([C@@H]([C@H]1CO)O)N,2.46
c1(cc(cc(c1)[C@H](N(C(=O)N1CC[C@@H](C[C@@H]1c1c(cc(cc1)F)C)N1CCN(CC1)C(=O)C)C)C)C(F)(F)F)C(F)(F)F,15.6
CC[C@]12CC[C@H]3[C@@H](CCC4=CC(=O)CC[C@H]34)[C@@H]1CC[C@@]2(O)C#C,9.4
c12c(cccc1cncc2)OCC(N[C@H](C(N[C@H]([C@@H](C(N1[C@@H](CSC1)C(NC(C)(C)C)=O)=O)O)Cc1ccccc1)=O)CSC)=O,0.44
CC1(C)S[C@@H]2[C@H](NC(=O)[C@@H](c3ccccc3)S(=O)(=O)O)C(=O)N2[C@H]1C(=O)O,1.2
"N[C@@H]([C@H](O)C)C(=O)N[C@@H](CCCCN)C(=O)N[C@@H](Cc1ccccc1)C(=O)N[C@@H]([C@H](O)C)C(=O)N[C@@H](C(C(C)C))C(=O)N[C@@H](CO)C(=O)N[C@@H](C(C(C)C))C(=O)N[C@@H](CC(=O)O)C(=O)N[C@@H](C(C)C)C(=O)N1[C@@H](CCC1)C(=O)N[C@@H]([C@H](O)C)C(=O)N[C@@H](CC(=O)N)C(=O)N[C@@H]([C@@H](C)CC)C(=O)N[C@@H](CCSC)C(=O)N[C@@H](CC(=O)N)C(=O)N[C@@H](C(C(C)C))C(=O)N[C@@H](C(C(C)C))C(=O)N[C@@H](Cc1ccccc1)C(=O)N[C@@H](CC(=O)N)C(=O)N[C@@H]([C@@H](C)CC)C(=O)N[C@@H](C)C(=O)N[C@@H](CCCCN)C(=O)N[C@@H](C)C(=O)N[C@@H](CCCCN)C(=O)N[C@@H](CC(=O)N)C(=O)N[C@@H](C(C(C)C))C(=O)N[C@@H](CCCNC(=N)N)C(=O)N[C@@H](C)C(=O)N[C@@H](CCC(=O)N)C(=O)N[C@@H](C)C(=O)N[C@@H](C)C(=O)N[C@@H](C)C(=O)N[C@@H](CC(=O)N)C(=O)N[C@@H](C)C(=O)N[C@@H](Cc1c[nH]cn1)C(=O)N[C@@H](C(C(C)C))C(=O)N[C@@H](CCSC)C(=O)N[C@@H](C)C(=O)N[C@@H](CCC(=O)N)C(=O)N[C@@H]([C@@H](C)CC)C(=O)N
",4.0
c1(\C=C\C(NCCO)=O)ccccc1,1.35
CC(=O)OCC1=C(N2[C@H](SC1)[C@H](NC(=O)CSc3ccncc3)C2=O)C(=O)O,1.2
C(\[C@@H]1[C@H]([C@@H](O)C[C@H]1O)C\C=C/CCCC(=O)NCC)=C\[C@H](CCc1ccccc1)O,0.45
CCOc1ccccc1OCCN[C@H](C)Cc2ccc(OC)c(c2)S(=O)(=O)N,6.8
[Na+].[Na+].c1(cc(c(cc1)\C=[N+](\C(C)(C)C)[O-])S(=O)(=O)[O-])S(=O)(=O)[O-],3.6
CC1=C2[C@H](C(=O)[C@@]3([C@H](C[C@@H]4[C@]([C@H]3[C@@H]([C@@]5(C2(C)C)[C@H]([C@@H]1OC(=O)[C@@H]([C@H](CC(C)C)NC(=O)OC(C)(C)C)O)OC(=O)O5)OC(=O)C6=CC=CC=C6)(CO4)OC(=O)C)O)C)OC(=O)C,30.1
CC1(C)S[C@@H]2[C@H](NC(=O)[C@H](C(=O)O)c3ccsc3)C(=O)N2[C@H]1C(=O)O,1.0
[H]N([H])C1C=CN(C(N=1)=O)[C@H]1[C@H]([C@@H]([C@@H](CO[H])O1)O[H])O[H],0.17
C([C@@H]1[C@H]([C@H](O)C[C@@H]1O)CC[C@H](CCc1ccccc1)O)\C=C\CCCC(OC(C)C)=O,0.28
[H]N(c1c(c(nc(c2ccnc(c2)c2nnnn2[H])n1)OCCO[H])Oc1ccccc1OC)S(c1ccc(C)cn1)(=O)=O,2.6
CCc1c2cc(ccc2nc-3c1Cn4c3cc5c(c4=O)COC(=O)[C@@]5(CC)O)OC(=O)CCC(=O)Oc6c(c(c7c(c6C)CC[C@@](O7)(C)CCC[C@H](C)CCC[C@H](C)CCCC(C)C)C)C,3.77
CSCC[C@@H](C(=O)N[C@@H](CCC(=O)O)C(=O)N[C@@H](Cc1cnc[nH]1)C(=O)N[C@@H](Cc2ccccc2)C(=O)N[C@@H](CCCN=C(N)N)C(=O)N[C@@H](Cc3c[nH]c4c3cccc4)C(=O)NCC(=O)O)N,0.06
CC1=CN([C@@H]2O[C@H](CO)C=C2)C(=O)NC1=O,1.4
CN\C(=N/CCSCc1nc[nH]c1C)\NC#N,2.2
CCCCC[C@@H](/C=C/[C@H]1[C@@H](CC(=O)[C@@H]1CCCCCCC(=O)O)O)O,1.9
CCN(CC)CC(=O)Nc1c(C)cccc1C,1.6
c1(ccc(cc1)CSc1nc(=O)c2c(n1CC(=O)N(CCN(CC)CC)Cc1ccc(cc1)c1ccc(cc1)C(F)(F)F)CCC2)F,40.9
Cn1nnnc1SCC2=C(N3[C@H](SC2)[C@H](NC(=O)[C@H](O)c4ccccc4)C3=O)C(=O)O,0.75
c1cc(ccc1C(CC(=O)O)CN)C,5.24
Cc1cc2c([nH]1)cccc2OCC(CNC(C)C)O,4.61
N(c1c(cccc1Cl)Cl)(C=1NCCN1)CC=C,3.14
c1(c2c(cccc2)[nH]c1)C[C@@H](NC([C@@H](Cc1c[nH]cn1)NC([C@@H]1CCC(N1)=O)=O)=O)C(N[C@@H](C(N[C@@H](Cc1ccc(O)cc1)C(N[C@@H](Cc1cc2c(cccc2)cc1)C(N[C@@H](C(N[C@@H](C(N1[C@@H](CCC1)C(NCC(N)=O)=O)=O)CCCNC(N)=N)=O)CC(C)C)=O)=O)=O)CO)=O,3.5
CCc1nc(N)nc(N)c1c2ccc(Cl)cc2,140.0
c12c([nH]cc1CCNC(C)=O)ccc(c2)OC,1.1
NC1=Nc2c(ncn2COC(CO)CO)C(=O)N1,3.7
C[C@@H](O)[C@@H]1[C@H]2[C@@H](C)C(=C(N2C1=O)C(=O)O)S[C@H]3C[C@H](N(C)C3)C(=O)N4CC[C@@H](C4)NC(=O)CNC(=N)N,1.7
C[C@@H](O)[C@@H]1[C@H]2[C@@H](C)C(=C(N2C1=O)C(=O)O)S[C@@H]3CN[C@@H](C3)C(=O)Nc4cccc(c4)C(=O)O,3.8
[C@H]12C[C@H](OC(=O)C[C@@H](C(C(=O)[C@H]([C@H]([C@H](CCC[C@]1(O2)C)C)O)C)(C)C)O)C(=C\c1nc(sc1)C)\C,92.3
C(=O)(NC(=N)N)c1c(n(nc1)c1c2c(ccc1)nccc2)C1CC1,2.0
c12[C@@]3([C@H]([C@@H](CCCCC3)Cc1ccc(c2)O)N)C,3.9
O=C1N(CCCCNC[C@H]2CCc3ccccc3O2)S(=O)(=O)c4ccccc14,1.2
COc1ccccc1N2CCN(CCCNC3=CC(=O)N(C)C(=O)N3C)CC2,3.5
Cn1c(nc(=O)c(n1)O)SCC2=C(N3[C@@H]([C@@H](C3=O)NC(=O)/C(=N\OC)/c4csc(n4)N)SC2)C(=O)O,7.6
[H]OC1=C(C(=O)Oc2ccccc12)[C@H](CC(C)=O)c1ccc(cc1)[N+]([O-])=O,7.22
c1ccc(c(c1Nc1ccccc1C(=O)O)C)Cl,2.15
C([C@@H](c1cc(Oc2ccccc2)ccc1)C)(=O)O,2.24
CC(=O)NC[C@H]1CN(C(=O)O1)c2ccc(N3CCOCC3)c(F)c2,4.5
CCCCCc1cc(c2c(c1)OC([C@H]3[C@H]2C=C(CC3)C(=O)O)(C)C)O,17.6
Cc1cn(c(=O)[nH]c1=O)[C@H]2C[C@@H]([C@H](O2)COP(=O)([O-])S[C@H]3C[C@@H](O[C@@H]3COP(=O)([O-])S[C@H]4C[C@@H](O[C@@H]4COP(=O)([O-])S[C@H]5C[C@@H](O[C@@H]5COP(=O)([O-])S[C@H]6C[C@@H](O[C@@H]6COP(=O)([O-])S[C@H]7C[C@@H](O[C@@H]7COP(=O)([O-])S[C@H]8C[C@@H](O[C@@H]8COP(=O)([O-])S[C@H]9C[C@@H](O[C@@H]9COP(=O)([O-])S[C@@H]1[C@H](O[C@H]([C@@H]1OCCOC)n1cc(c(nc1=O)N)C)COP(=O)([O-])S[C@@H]1[C@H](O[C@H]([C@@H]1OCCOC)n1cc(c(=O)[nH]c1=O)C)COP(=O)([O-])S[C@@H]1[C@H](O[C@H]([C@@H]1OCCOC)n1cc(c(nc1=O)N)C)COP(=O)([O-])S[C@@H]1[C@H](O[C@H]([C@@H]1OCCOC)n1cc(c(nc1=O)N)C)COP(=O)([O-])S[C@@H]1[C@H](O[C@H]([C@@H]1OCCOC)n1cnc2c1nc([nH]c2=O)N)CO)n1cnc2c1ncnc2N)n1cnc2c1nc([nH]c2=O)N)n1cc(c(=O)[nH]c1=O)C)n1cc(c(nc1=O)N)C)n1cc(c(=O)[nH]c1=O)C)n1cnc2c1nc([nH]c2=O)N)n1cc(c(nc1=O)N)C)SP(=O)([O-])OC[C@@H]1[C@H](C[C@@H](O1)n1cc(c(=O)[nH]c1=O)C)SP(=O)([O-])OC[C@@H]1[C@H](C[C@@H](O1)n1cc(c(nc1=O)N)C)SP(=O)([O-])OC[C@@H]1[C@H]([C@H]([C@@H](O1)n1cnc2c1nc([nH]c2=O)N)OCCOC)SP(=O)([O-])OC[C@H]1[C@@H]([C@@H]([C@H](O1)n1cc(c(nc1=O)N)C)OCCOC)SP(=O)([O-])OC[C@H]1[C@@H]([C@@H]([C@H](O1)n1cnc2c1ncnc2N)OCCOC)SP(=O)([O-])OC[C@H]1[C@@H]([C@@H]([C@H](O1)n1cc(c(nc1=O)N)C)OCCOC)SP(=O)([O-])OC[C@H]1[C@@H]([C@@H]([C@H](O1)n1cc(c(nc1=O)N)C)OCCOC)O,17.6
CCN1C[C@H]2CN(C)C[C@@H](C1)C2OC(=O)c3ccc(Cl)cc3,8.6
CO\N=C(/C(=O)N[C@H]1[C@H]2SCC(=C(N2C1=O)C(=O)[O-])C[N+]3(C)CCCC3)\c4csc(N)n4,1.9
c1(c2nc3c(c(=O)[nH]2)n(nc3CCC)C)c(ccc(c1)S(=O)(=O)N1CCN(CC1)C)OCC,2.2
COc1cc(cc(OC)c1O)C2C3C(COC3=O)C(OC4OC5COC(C)OC5C(O)C4N(C)C)c6cc7OCOc7cc26,14.0
c1(cc(c(c(c1)OC)OC)OC)/C=C\c1ccc(c(c1)OP(=O)(O)O)OC,0.47
C([N+](C)(C)C)[C@@H](CC(=O)[O-])O,5.0
CCCCN1CCCCC1C(=O)Nc2c(C)cccc2C,3.1
c1cc(ccc1O)[C@@H](CN(C)C)C1(CCCCC1)O,8.4
OC(=O)[C@@H]1C[C@H](CN1C(=O)CP(=O)(O)CCCCc2ccccc2)C3CCCCC3,9.4
C[C@@H]1CC[C@@]23CCC(=O)[C@H]2[C@]1(C)[C@@H](C[C@@](C)(C=C)[C@@H](O)[C@@H]3C)OC(=O)CS[C@@H]4CC[C@@H](N)C[C@H]4O,6.4
CC(C)c1nc(nc(c2ccc(F)cc2)c1\C=C\[C@@H](O)C[C@@H](O)CC(=O)O)N(C)S(=O)(=O)C,2.0
c12c(n(c(=O)nc1c1ccccc1)C(C)C)cc(C)cc2,1.27
NS(=O)(=O)c1cc(ccc1Cl)C2(O)NC(=O)c3ccccc23,36.0
c1(ccc(cc1)S(=O)(=O)N)S(=O)(=O)Nc1cccc2c(c[nH]c12)Cl,20.3
CCCCc1oc2ccccc2c1C(=O)c3cc(I)c(OCCN(CC)CC)c(I)c3,820.0
[H]N([H])c1nc(cs1)C(C(N([H])[C@@H]1C(N2C(=C(CS[C@H]12)C=C1CCN(CC(F)(F)F)C1=O)C(=O)O[H])=O)=O)=NO[H],3.8
C(O)CCN1c2c(cc(C[C@H](NCCOc3c(cccc3)OCC(F)(F)F)C)cc2CC1)C(=O)N,3.6
C[C@@H](NCCc1ccc(O)cc1)[C@@H](O)c2ccc(O)cc2,2.6
s1c(C(OC)=O)c(NC([C@@H](C)NCCC)=O)c(c1)C,0.98
Fc1ccc(cc1)C(=O)C2CCN(CCN3C(=O)Nc4ccccc4C3=O)CC2,12.0
C1[C@@H]2[C@@H](CN1NC(NS(c1ccc(C)cc1)(=O)=O)=O)CCC2,16.4
S=P(N1CC1)(N2CC2)N3CC3,2.7
c1nc2c(nc(nc2n1[C@H]3[C@@H]([C@@H]([C@H](O3)CO)O)O)N/N=C/C4CCCCC4)N,0.21
COc1cc2c(N)nc(nc2c(OC)c1OC)N3CCN(CC3)C(=O)OCC(C)(C)O,3.1
C\C=C\1/NC(=O)[C@H]2CSSCC\C=C\[C@H](CC(=O)N[C@H](C(C)C)C(=O)N2)OC(=O)[C@@H](NC1=O)C(C)C,11.0
CN[C@H]1[C@H](O)[C@@H](O)[C@H](CO)O[C@H]1O[C@H]2[C@H](O[C@H]3[C@H](O)[C@@H](O)[C@H](NC(=N)N)[C@@H](O)[C@@H]3NC(=N)N)O[C@@H](C)[C@]2(O)C=O,4.3
C[C@@H]1O[C@@H]1P(=O)(O)O,1.9
CC(Cc1ccc(O)cc1)NCC(O)c2cc(O)cc(O)c2,0.87
C1[N@@]2CC=C[C@@]3([C@@H]([C@@]([C@@H]4N(C)c5cc(OC)c(cc5[C@@]4(C1)[C@@H]23)[C@@]1(c2c(CC[N@@]3C[C@@](C[C@@H](C1)C3)(O)CC)c1ccccc1[nH]2)C(OC)=O)(O)C(=O)N[C@@H](C(C)C)P(OCC)(=O)OCC)O)CC.S(=O)(=O)(O)O,34.3
CN1C(=C(O)c2ccccc2S1(=O)=O)C(=O)Nc3ncc(C)s3,18.0
COc1ccnc(CS(=O)c2nc3ccc(OC(F)F)cc3[nH]2)c1OC,1.9
CC(C(=O)O)Oc1ccc(cc1)Oc2cnc3ccc(cc3n2)Cl,48.2
c1(ccc(NC(C)=O)cc1)OC[C@@H](CNC(C)C)O,12.2
OC(=O)CCNC(=O)c1ccccc1,0.59
CCOC(=O)[C@H]1[C@H](C[C@@H]2CC[C@H]1N2C)OC(=O)c3ccccc3,1.5
N([C@@H]1[C@@H]([C@@H]([C@@H]([C@@H](O[C@@H]2[C@@H](CC[C@@H](O2)[C@@H](C)N)N)[C@@H]1O)N)O)O)(C)C(CN)=O,2.9
c1(c(OC)cc2c(c1)c(nnc2)N1CCC(CC1)OC(NCC)=O)OC,0.25
CCCCNC(=O)NS(=O)(=O)c1ccc(C)cc1,7.0
CCC[C@H]1CN([C@@H](CC)C(=O)N)C(=O)C1,8.98
CO\N=C(/C(=O)N[C@H]1[C@H]2SCC(=C(N2C1=O)C(=O)O)C)\c3csc(N)n3,2.1
O=C(O)CCC(=O)O[C@@H]3CC[C@@]2(C)[C@H](/C=C/C1=CCOC1=O)C(=C)CC[C@@H]2[C@]3(C)COC(=O)CCC(=O)O,1.9
c1c(sc(N(Cc2cc3c(cc2)[nH]c(nc3=O)C)C)c1)C(=O)N[C@@H](CCC(O)=O)C(=O)O,140.0
CN1[C@@H]2CC[C@H]1C[C@H](C2)OC(=O)c3c[nH]c4ccccc34,5.6
OC(=O)P(=O)(O)O,4.7
c1(nc2c(s1)CN(CC2)C)C(=O)N[C@H]1[C@@H](NC(=O)C(=O)Nc2ncc(Cl)cc2)CC[C@H](C(=O)N(C)C)C1,6.7
C12CC3C(C1)(CC(C3)C2)c1nc2n(c(=O)n(c(=O)c2[nH]1)CCC)CCC,18.1
CN(C)CCC1Cc2cc(ccc2C=1Cc1cccnn1)F,9.0
CN1CC[C@]23[C@H]4Oc5c(O)ccc(C[C@@H]1[C@@H]2C=C[C@@H]4O[C@@H]6O[C@@H]([C@@H](O)[C@H](O)[C@H]6O)C(=O)O)c35,1.4
CCC(CC)O[C@@H]1C=C(C[C@H](N)[C@H]1NC(=O)C)C(=O)O,1.8
O1[C@@H]2C[C@H]3[C@@H]4C[C@H](F)C5=CC(=O)C=C[C@@]5(C)[C@H]4[C@H](C[C@@]3([C@]2(C(CO)=O)OC1(C)C)C)O,1.68
O[C@@H](CNC[C@H](O)[C@H]1CCc2cc(F)ccc2O1)[C@@H]3CCc4cc(F)ccc4O3,10.0
CC(C)c1cccc(C(C)C)c1O,3.2
Cc1ncc(N(=O)=O)n1CCO,7.1
CCCCCN(C)CCC(O)(P(=O)(O)O)P(=O)(O)O,14.0
c12c3C=4[C@H]([N@@](C[C@@H](C4)C(N[C@@H](CC)CO)=O)C)Cc1c[nH]c2ccc3,1.85
C[C@H](c1c[nH]cn1)c2cccc(C)c2C,2.2
CO[C@@H]1C[C@@H](CC[C@H]1O)\C=C(/C)\[C@H]2OC(=O)[C@@H]3CCCCN3C(=O)C(=O)[C@]4(O)O[C@H]([C@H](C[C@@H](C)C\C(=C/[C@@H](CC=C)C(=O)C[C@H](O)[C@H]2C)\C)OC)[C@H](C[C@H]4C)OC,26.0
CC(C)(C)NCC(O)COc1ccc(NC(=O)NC2CCCCC2)cc1,11.0
c1(nnc(s1)C)SCC=1CS[C@H]2N(C1C(O)=O)C([C@H]2NC(Cn1cc(c(c(c1)Cl)=O)Cl)=O)=O,1.91
[C@H]1(C(=C(C(=O)O1)O)O)[C@H](CO)O,11.4
CNC1(CCCCC1=O)c2ccccc2Cl,2.8
CS(=O)(=O)Nc1cc2c(c(oc2cc1)CCCC)C(=O)c1ccc(cc1)OCCCN(CCCC)CCCC,16.0
S(c1ccc(C(=O)CCC(=O)O)cc1)(=O)(=O)CCCOc1c(c(O)c(cc1)C(=O)C)CCC,0.04
O=[P@@](O)(CCCC)CCCN,2.1
c1ccc(cc1)C=1C(=O)OCC1c1ccc(cc1)S(=O)(=O)C,7.5
c1ccc2c(c1)CC[C@@H]2Nc3c4ccn(c4ncn3)[C@@H]5C[C@H]([C@H](C5)O)COS(=O)(=O)N,5.62
Clc1ccc(cc1)C(=O)NCCN2CCOCC2,1.5
COc1ccc2Sc3ccccc3N(C[C@H](C)CN(C)C)c2c1,30.0
COc1ccc(cc1)C(CN(C)C)C2(O)CCCCC2,5.0
CCCCCCCCOCCOC(=O)CN(CC(=O)O)c1ccccc1OCCOc2ccccc2N(CC(=O)O)CC(=O)OCCOCCCCCCCC,3.5
c1cc(sc1)/C(=C/2\c3cc(ccc3N(C2=O)C(=O)N)Cl)/O,22.7
c12c(cccc1OC[C@@H](CNC(C)(C)C)O)NC(=O)CC2,4.7
Nc1ccc(O)c(c1)C(=O)O,0.61
[H]N(C(C)=O)c1ccc(cc1)C1[C@H](C)CC(N([H])N=1)=O,70.0
NCCCC[C@H](N[C@@H](CCc1ccccc1)C(=O)O)C(=O)N2CCC[C@H]2C(=O)O,42.0
COc1ccc(CN(CCC(=O)O)C(=O)CNC(=O)Cc2ccc(NC(=O)Nc3ccccc3C)c(OC)c2)cc1OC,1.6
O=C1N(C[C@H]2CCCc3cccc1c23)[C@@H]4CN5CCC4CC5,39.0
N(c1ccccc1)(C[C@@H](N1CCCC1)COCC(C)C)Cc1ccccc1,14.9
CCOC(=O)C1=C(COCCN)NC(=C(C1c2ccccc2Cl)C(=O)OC)C,34.0
o1c(=O)c(c(c2ccc(cc12)OCCCN1CCN(CC1)Cc1ccc(cc1)Cl)C)C,19.2
CCNC(=O)[C@@H]1CCCN1C(=O)[C@H](CCCNC(=N)N)NC(=O)[C@H](CC(C)C)NC(=O)[C@@H](CC(C)C)NC(=O)[C@H](Cc2ccc(O)cc2)NC(=O)[C@H](CO)NC(=O)[C@H](Cc3c[nH]c4ccccc34)NC(=O)[C@H](Cc5c[nH]cn5)NC(=O)[C@@H]6CCC(=O)N6,2.9
CN1CCN2C(C1)c3ccccc3Cc4cccnc24,15.0
"N1(C([C@@H](NC([C@@H](NC([C@@H](NC([C@@H](NC(=O)CCCC(C)C)C(C)C)=O)[C@H](O)C)=O)C(C)C)=O)C(C)C)=O)[C@@H](C(N[C@H](C(N[C@@H](C(N[C@@H]2C(N[C@@H](C(N[C@H](C(N[C@@H](Cc3ccccc3)C(N\C(C(N[C@H](C(O[C@@H]2C)=O)C(C)C)=O)=C/C)=O)=O)C(C)C)=O)[C@H](CC)C)=O)=O)[C@H](CC)C)=O)CCCN)=O)CCC1
",0.57
C[C@H](CCCC(C)(C)O)[C@H]1CC[C@@H]\2[C@@]1(CCC/C2=C\C=C/3\C[C@H](C[C@@H](C3=C)O)O)C,11.0
Cc1ncc2CN=C(c3ccccc3F)c4cc(Cl)ccc4n12,3.1
C[C@H]1CCC[C@@]2(C)O[C@H]2C[C@H](NC(=O)C[C@H](O)C(C)(C)C(=O)[C@H](C)[C@H]1O)\C(=C\c3csc(C)n3)\C,17.0
C(CCN[N+](C)(C)C)([O-])=O,6.2
C#CC[C@@H](Cc1cnc2c(n1)c(nc(n2)N)N)c3ccc(cc3)C(=O)N[C@@H](CCC(=O)O)C(=O)O,15.0
CCN1CC(CCN2CCOCC2)C(C1=O)(c3ccccc3)c4ccccc4,4.1
O=C1C[N]23CC[N]45CC(=O)[O-][Gd+3]2424([O-]1)([O-]C(=O)C5)[O-]C(=O)C[N]2(CC3)CC(=O)[O-]4,1.6
OC(=O)CCCc1ccc(cc1)N(CCCl)CCCl,1.1
COc1ccc(Cl)cc1C(=O)NCCc2ccc(cc2)S(=O)(=O)NC(=O)NC3CCCCC3,2.2
c1c(c(nc(=O)n1[C@H]2C[C@@H]([C@H](O2)CO)O)N)F,0.78
C=1(CCC(OC)=O)c2cc3c(c(c(cc4nc(cc5C=6[C@@]([C@@H](C(=CC6)C(OC)=O)C(=O)OC)(c([nH]5)cc(n2)C1C)C)C(C)=C4C=C)[nH]3)C)CCC(O)=O,5.6
N1(CCN(CC1)C1CCCCCC1)C(=O)O[C@H]1C=C[C@@H]([C@H](OC(=O)C[C@@H](CC[C@@]1(C)O)O)C(=C\C=C\[C@](C[C@H]1O[C@@H]1[C@@H]([C@H](CC)O)C)(C)O)\C)C,9.2
[H]N(c1c(C)cccn1)S(c1ccc(C#Cc2ccc(c(c2)C(=O)O[H])O[H])cc1)(=O)=O,16.0
c1ccc(cc1)C(c2ccccc2)(C(=O)O[C@@H]3C[C@@H]4CCC(C3)[N+]45CCCC5)O,5.0
OC\C=C/1\C[N@+]2(CC=C)CC[C@@]34[C@@H]2C[C@@H]1C5=CN6[C@H]7C(=CN([C@H]35)c8ccccc48)[C@H]9C[C@H]%10[C@@]7(CC[N@@+]%10(CC=C)C/C/9=C/CO)c%11ccccc6%11,3.6
CC(C)NCC(O)COc1ccc(CCOCC2CC2)cc1,17.0
c12c3c(OC(c1ccc(c2)C)(C)C)cc(CCCCC)cc3O,25.51
C[C@@H]1C(=O)O[C@H]2[C@H](O)C34[C@H]5C[C@@H](C(C)(C)C)C36[C@@H](OC(=O)[C@@H]6O)OC4(C(=O)O5)[C@@]12O,5.2
CC(C)NCC(O)COc1ccccc1CC=C,2.5
CCCc1nc(C)c2C(=O)NC(=Nn12)c3cc(ccc3OCC)S(=O)(=O)N4CCN(CC)CC4,4.5
CCOc1ccccc1OCC2CNCCO2,4.1
c1(c(cc(N)c(c1)Cl)OC)C(N[C@@H]1[C@@H](C[N@@](CCCOc2ccc(F)cc2)CC1)OC)=O,11.7
Cc1onc(c2ccccc2)c1C(=O)N[C@H]3[C@H]4SC(C)(C)[C@@H](N4C3=O)C(=O)O,0.7
CN(C)CCOC(c1ccccc1)c2ccccc2,9.3
Clc1cccc(c1)N2CCN(CCCN3N=C4C=CC=CN4C3=O)CC2,7.3
CC(C)(C)OC(=O)N[C@H]1CCCCC\C=C/[C@@H]2C[C@]2(NC(=O)[C@@H]3C[C@H](CN3C1=O)OC(=O)N4Cc5cccc(F)c5C4)C(=O)NS(=O)(=O)C6CC6,1.81
N1(c2c(NC(c3c1cccc3)=O)cccn2)C(CN1CCN(C)CC1)=O,11.1
CCCN1CCCC[C@H]1C(=O)Nc2c(C)cccc2C,2.2
COc1cc2ncnc(Nc3ccc(F)c(Cl)c3)c2cc1OCCCN4CCOCC4,34.0
[H]N(Cc1cccnc1)C1=C(C#N)C(N=C(C)N1[H])=O,0.95
O=C1CCC(N2C(=O)c3ccccc3C2=O)C(=O)N1,4.7
c1cc(c2ccsc2c1)N3CCN(CC3)CCCCOc4ccc5ccc(=O)[nH]c5c4,54.37
CCCC(CCC)C(=O)O,12.0
Cc1c(c(c(cn1)CO)CO)O.C1CC(=O)N[C@@H]1C(=O),0.98
CC(C)NCCCNC(=O)Nc1c(C)cccc1C,5.0
CN(C)CCCN1c2ccccc2Sc3ccc(Cl)cc13,11.0
CCO[C@@H](Cc1ccc(OCCc2ccc(OS(=O)(=O)C)cc2)cc1)C(=O)O,45.0
COCc1c(nc(C(C)C)c(\C=C\[C@@H](O)C[C@@H](O)CC(=O)O)c1c2ccc(F)cc2)C(C)C,1.8
C[C@]12CC[C@H]3[C@@H](CCc4cc(O)ccc34)[C@@H]1CC[C@@H]2O,1.7
CCC1=C[C@@H]2CN(CCc3c([nH]c4ccccc34)[C@@](C2)(C(=O)OC)c5cc6c(cc5OC)N(C)[C@H]7[C@](O)([C@H](OC(=O)C)[C@]8(CC)C=CCN9CC[C@]67[C@H]89)C(=O)OC)C1,18.0
CC(=O)N[C@@H]1[C@@H](NC(=N)N)C=C(O[C@H]1[C@H](O)[C@H](O)CO)C(=O)O,1.7
CCCC1C(=O)N2N(C1=O)c3cc(C)ccc3N=C2N(C)C,17.0
CCCCCCCCC\C=C\C=C\C(=O)NCC(=O)N[C@@H]1[C@@H](O)[C@@H](O)[C@@H](Nc2[nH]cnc3ncnc23)O[C@H]1[C@@H](O)CO,1.3
C[C@H]1CCc2c3n1cc(c(=O)c3cc(c2N4CCC(CC4)O)F)C(=O)O,6.04
c1(c(cccc1)OC)OC[C@@H](CN1CCN(CC(Nc2c(cccc2C)C)=O)CC1)O,1.8
CN(C)CCN(Cc1cccs1)c2ccccn2,1.6
CCC1=NN(CCCN2CCN(CC2)c3cccc(Cl)c3)C(=O)N1CCOc4ccccc4,1.2
N12[C@@H](C(S[C@@H]2[C@@H](C1=O)NC(=O)[C@@H](c1ccccc1)NC(=O)NC(=N)N)(C)C)C(=O)O,2.09
c1(c(c(c(I)c(c1I)C(NC[C@@H](CO)O)=O)C(NC[C@@H](CO)O)=O)I)N(C[C@@H](COC)O)C(C)=O,2.04
CN1C2CCC1CC(=C3c4ccccc4CSc5c3cccc5)C2,29.8
C(C(=C(N1C2CC2)C(=C2N(C[C@](C[C@]3([H])C)(N)[H])C3)OC)C=C2)(C(=C1)C(O)=O)=O,13.5
CC1(C)S[C@@H]2[C@H](NC(=O)[C@H](NC(=O)N3CCNC3=O)c4ccccc4)C(=O)N2[C@H]1C(=O)O,1.2
C[C@@H]1[C@@H]2[C@H](C(=O)N2C(=C1S[C@H]3C[C@H](NC3)[C@@H](CCNC)O)C(=O)O)[C@@H](C)O,1.48
C1(c2ccccc2)(c2ccccc2)C(=O)N(C(=O)N1)COP(=O)(O)O,0.16
c12c3C=4[C@H]([N@@](C[C@H](C4)NC(N(CC)CC)=O)C)Cc1c[nH]c2ccc3,1.8
s1c(cnn1)SCC1=C(N2[C@H](SC1)[C@@H](NC(\C(c1csc(n1)N)=N/OC)=O)C2=O)C(=O)O,1.14
c1(cccc2c1C(c1c(O)c3c(c(c1C2=O)O)C[C@](C(CO)=O)(O)C[C@@H]3O[C@H]1C[C@@H]([C@@H]([C@@H](O1)C)O)[N@]1CCO[C@@H](C1)OC)=O)OC,49.2
CNC(=O)C(N1CCC2=C(C=C(OC)C(OC)=C2)[C@@H]1CCC1=CC=C(C=C1)C(F)(F)F)C1=CC=CC=C1,34.3
c1([C@@](CCC[N@@](CCc2cc(c(OC)cc2)OC)C)(C(C)C)C#N)cc(c(OC)c(c1)OC)OC,1.8
c1(OCCCN(C)C)c2c(n(n1)Cc1ccccc1)cccc2,8.1
C[C@H](c1cc(cc(c1)C(F)(F)F)C(F)(F)F)OC[C@]2(CC[C@]3(CCC(=O)N3)CN2)c4ccccc4,148.5
CCN(CC)CCCC(C)Nc1ccnc2cc(Cl)ccc12,570.0
CN[C@@H]1C[C@H]2OC(C)([C@@H]1OC)n3c4ccccc4c5c6[C@@H](O)NC(=O)c6c7c8ccccc8n2c7c35,790.0
CCCC(C)(COC(=O)N)COC(=O)N,14.0
C(CON(=O)=O)N1COc2ccccc2C1=O,0.38
Cc1cc(O)c2C(=O)c3c(O)cc(O)c4c5c(O)cc(O)c6C(=O)c7c(O)cc(CO)c8c1c2c(c34)c(c56)c78,20.0
NC(C1=C(C=C(N(C2=C3)C=NC2=CC=C3CN4CCN(C)CC4)S1)O[C@H](C)C5=CC=CC=C5C(F)(F)F)=O,10.3
CO[C@]1(NC(=O)[C@H](C(=O)O)c2ccc(O)cc2)[C@H]3OCC(=C(N3C1=O)C(=O)O)CSc4nnnn4C,2.9
C(=O)(c1ccc(c(c1)OCC1CC1)OC(F)F)Nc1c(cncc1Cl)Cl,15.1
N12[C@@]([C@H]3N(CCC3)C([C@@H]1Cc1ccccc1)=O)(O[C@](NC([C@@H]1C[C@@H]3c4c5c(c[nH]c5ccc4)C[C@H]3[N@@](C1)C)=O)(C)C2=O)O,0.55
[nH]1cnc2c([nH]cc2[C@@H]2N[C@@H]([C@H]([C@H]2O)O)CO)c1=O,11.6
Fc1ccc(cc1)[C@@H]2CCNC[C@H]2COc3ccc4OCOc4c3,13.0
O1[C@@H](O[C@@]23[C@@]4([C@@H]([C@@]5(C[C@@]2(C)O[C@@H]4O5)O)C3)COC(=O)c2ccccc2)[C@@H]([C@H]([C@@H]([C@H]1CO)O)O)O,1.49
C([C@@H](CC)C)CCCCCC(=O)N[C@H]1[C@H](Oc2c3cc4[C@H](C(N[C@@H]5c6cc(c7c([C@@H](NC([C@H]([C@@H](c8cc(c(O3)cc8)Cl)O[C@H]3[C@@H]([C@H]([C@H](O)[C@H](O3)CO)O)NC(C)=O)NC5=O)=O)C(=O)O)cc(O)cc7O[C@H]3O[C@@H]([C@@H](O)[C@@H]([C@@H]3O)O)CO)c(cc6)O)=O)NC([C@@H]3c5cc(Oc6cc(ccc6O)[C@@H](C(N[C@@H](C(N3)=O)Cc3cc(c(Oc2c4)cc3)Cl)=O)N)cc(c5)O)=O)O[C@@H]([C@H](O)[C@@H]1O)CO,58.1
CCN(CC)CCNC(=O)c1ccc(NC(=O)C)cc1,6.4
CCC[C@@H]1C[C@H](N(C)C1)C(=O)N[C@H]([C@@H](C)O)[C@H]2O[C@H](SC)[C@H](O)[C@@H](O)[C@H]2O,5.6
[H]N(C(C1CCC(CC1)(F)F)=O)[C@H](CCN1[C@H]2CC[C@@H]1CC(C2)n1c(C)nnc1C(C)C)c1ccccc1,12.8
OC(C(O)CC1=CC(O)=C(O)C=C1)=O,0.37
Cn1cc(c2c1cccc2)C(=O)[C@@H]3CCc4c(nc[nH]4)C3,4.94
CCCCC(=O)N(Cc1ccc(cc1)c2ccccc2c3nnn[nH]3)[C@@H](C(C)C)C(=O)O,9.5
CN(C(=O)C1=C(O)c2ccccc2N(C)C1=O)c3ccccc3,31.0
C[C@H](CCCC(C)C)[C@H]1CC[C@@H]\2[C@@]1(CCC/C2=C\C=C/3\C[C@H](C[C@@H](C3=C)O)O)C,48.6
n1cc(cc2ccccc12)C(=O)Nc1c(cc(c(c1)OC)OC)C(=O)Nc1ccc(cc1)CC[N@@]1Cc2cc(c(cc2CC1)OC)OC,29.0
N[C@@H]1[C@@H]([C@@H](O[C@H](O[C@@H]2c3c(O)c4C(=O)c5c(OC)cccc5C(=O)c4c(O)c3C[C@@](C2)(O)C(CO)=O)C1)C)O[C@@H]1CCCCO1,11.1
CC(=O)Nc1c(I)c(NC(=O)C)c(I)c(C(=O)O)c1I,1.8
O=C(N(CCC1)[C@@H]1C(N[C@]([C@@H](C)CC)([H])C(N[C@H](C(N[C@]([C@H](O)C)([H])C(N[C@H](C(NCC(N[C@@H](CCC(O)=O)C(N[C@@H](CC(C)C)C(N[C@@H](CCC(N)=O)C(N[C@@H](CCCNC(N)=N)C(N[C@@H](CC(C)C)C(N[C@@H](CCC(N)=O)C(N[C@@H](CCC(O)=O)C(N[C@@H](CCCCN)C(N[C@@H](CCC(O)=O)C(N[C@@H](CCCNC(N)=N)C(N[C@@H](CC(N)=O)C(N[C@@H](CCCCN)C(NCC(N[C@@H](CCC(N)=O)C(N[C@H](C(O)=O)CCO)=O)=O)=O)=O)=O)=O)=O)=O)=O)=O)=O)=O)=O)=O)=O)=O)CC2=CC=C(O)C=C2)=O)=O)CC3=CC=CC=C3)=O)=O)[C@H](C(C)C)NC([C@@H](N)CC4=CC=CC=C4)=O,0.08
CCN1CCN(C(=O)N[C@@H](C(=O)N[C@H]2[C@H]3SC(C)(C)[C@@H](N3C2=O)C(=O)O)c4ccccc4)C(=O)C1=O,0.96
CCC(=O)N(c1ccccc1)C2(CCN(CCC(=O)OC)CC2)C(=O)OC,0.8
CC[C@H](C)CCC(=O)N[C@H](C(C)C)C(=O)N[C@@H]([C@@H](C)O)C(=O)N[C@@H](C(C)C)C(=O)N[C@H](C(C)C)C(=O)N1CCC[C@@H]1C(=O)N[C@@H](CCCN)C(=O)N[C@H]([C@@H](C)CC)C(=O)N[C@@H]2[C@H](OC(=O)[C@@H](NC(=O)/C(=C/C)/NC(=O)[C@@H](NC(=O)[C@H](NC(=O)[C@H](NC2=O)[C@@H](C)CC)C(C)C)Cc3ccccc3)C(C)C)C,74.1
CC(C)(C)NCC(O)c1cc(O)cc(O)c1,15.0
N1[C@H](C(=O)N[C@H](C(=O)N[C@H](C(=O)N[C@H](C(=O)N[C@H](C(=O)N[C@H](C(=O)O)Cc2ccc(cc2)O)CCCNC(=N)N)Cc2ccccc2)CO)CC(=O)N)CSSC[C@H](NC(=O)[C@@H](NC(=O)[C@@H](NC(=O)[C@@H](NC(=O)[C@@H](NC(=O)[C@@H](NC(=O)[C@@H](N)CO)CC(C)C)CCCNC(=N)N)CCCNC(=N)N)CO)CO)C(=O)N[C@H](C(=O)NCC(=O)NCC(=O)N[C@H](C(=O)N[C@H](C(=O)N[C@H](C(=O)N[C@H](C(=O)N[C@H](C(=O)NCC(=O)N[C@@H](C)C(=O)N[C@H](C(=O)N[C@H](C(=O)NCC(=O)N[C@H](C(=O)NCC1=O)CC(C)C)CO)CCC(=O)N)[C@@H](C)CC)CCCNC(=N)N)CC(=O)O)CCSC)CCCNC(=N)N)Cc1ccccc1,0.22
CN(C)[C@H]1[C@@H]2C[C@@H]3Cc4c(ccc(O)c4C(=O)C3=C(O)[C@]2(O)C(=O)C(=C1O)C(=O)N)N(C)C,17.0
o1nc(c(c1C)c1ccc(cc1)S(=O)(=O)N)c1ccccc1,7.4
CN(C)C1CCN(CC1)C(=O)c2ccc(cc2)NC(=O)Nc3ccc(cc3)c4nc(nc(n4)N5CCOCC5)N6CCOCC6,35.8
C1O[C@]1(C([C@@H](NC([C@@H](NC([C@@H](NC([C@@H](NC(=O)CN1CCOCC1)CCc1ccccc1)=O)CC(C)C)=O)Cc1ccccc1)=O)CC(C)C)=O)C,1.1
C1CSS[C@@H]1CCCCC(=O)O,0.21
CS(=O)(=O)c1cc(cc2c1n(c3c2CC[C@@H]3CC(=O)O)Cc4ccc(cc4)Cl)F,11.8
COc1cc(cc(OC)c1O)[C@H]2[C@@H]3[C@H](COC3=O)[C@H](O[C@@H]4O[C@@H]5CO[C@H](O[C@H]5[C@H](O)[C@H]4O)c6cccs6)c7cc8OCOc8cc27,16.0
O=C(NC1=NC2=CC=C(C=C2S1)SC3=NN=C4C=CC(C5=CC=C(C=C5)F)=NN43)NCCN6CCOCC6,19.44
C(C([N+]([Gd+++]([N+]1(C2)C3)([N+](C2)(C2)C4)([O-]5)([O-]6)([O-]C3=O)([O-]C4=O)[O-]C2=O)(CC6=O)CC5=O)C1)C(=CC=C1OCC)C=C1,16.3
CN1CCCCC1C(=O)Nc2c(C)cccc2C,2.0
C[C@H](CN1CCOCC1)C(C(=O)N2CCCC2)(c3ccccc3)c4ccccc4,3.18
c12c(c3c(c(cc(o3)C(O)=O)=O)cc1c(cc(n2CC)C(O)=O)=O)CCC,0.9
[Gd+3]1234567OC([C@@H](CO)[N]81CC[N]4(CC[N]3(CC[N]2(CC8)CC(=O)[O-]6)CC(=O)[O-]5)CC(=O)[O-]7)CO,1.3
CC(C)NCC(O)COc1cccc2ccccc12,3.4
C[N+]1(CC2CC2)CC[C@]34[C@H]5Oc6c(O)ccc(C[C@@H]1[C@]3(O)CCC5=O)c46,2.5
Cc1cnc(cn1)C(=O)NCCc2ccc(cc2)S(=O)(=O)NC(=O)NC3CCCCC3,3.3
CC(C)(C)c1nc(c2cccc(NS(=O)(=O)c3c(F)cccc3F)c2F)c(s1)c4ccnc(N)n4,2.6
COc1ccc2C[C@H]3N(C)CC[C@@]45[C@@H](Oc1c24)C(=O)CC[C@@]35O,5.5
CC\C=C/C\C=C/C\C=C/C\C=C/C\C=C/C\C=C/CCC(=O)O[C@H]([C@@H](NC(=O)c1ccccc1)c2ccccc2)C(=O)O[C@H]3C[C@@]4(O)[C@@H](OC(=O)c5ccccc5)[C@@H]6[C@@]7(CO[C@@H]7C[C@H](O)[C@@]6(C)C(=O)[C@H](OC(=O)C)C(=C3C)C4(C)C)OC(=O)C,60.0
CN1CC[C@@]23[C@H]4CCC(=O)[C@@H]2Oc5c(O)ccc(C[C@@H]14)c35,2.3
O=C1[C@@]23[C@@H]([C@@]4(OC(=O)C)[C@@H](C[C@@H]2C3)OC4)[C@H](OC(=O)c2ccccc2)[C@]2(C(C(=C(C)[C@H](C2)OC(=O)[C@@H]([C@@H](NC(=O)OC(C)(C)C)c2ccccc2)O)C1OC(=O)C)(C)C)O,33.9
C1CCN(C1)CCOc1c(OC)c2occc2c(c1NC(NC)=O)OC,5.0
[H]N(C[C@@H](CO[H])O[H])C(c1c(c(C(N([H])C[C@@H](CO[H])O[H])=O)c(c(c1I)N(C)C(CO[H])=O)I)I)=O,2.3
c12c(c(c(C(O)=O)cn1CC)=O)cnc(n2)N1CCNCC1,3.69
c1(ccncc1)N,3.6
C(=O)(N)c1cc(N)ccc1,5.0
CC(C(c1ccc(cc1)O)O)N2CCC(CC2)Cc3ccccc3,4.32
[H]n1c2cccnc2nc1c1ccc(cc1OC)S(C)=O,0.8
CN(C)CCCN1c2ccccc2CCc3ccccc13,16.0
COc1cc2nn[nH]c2cc1C(=O)NCC3CCCN3CC=C,2.8
CC[C@]1(O)C[C@H]2CN(CCc3c([nH]c4ccccc34)[C@@](C2)(C(=O)OC)c5cc6c(cc5OC)N(C)[C@H]7[C@](O)([C@H](O)[C@]8(CC)C=CCN9CC[C@]67[C@H]89)C(=O)N)C1,35.0
CN[C@@H]1[C@@H](O)[C@@H](O[C@H]2[C@H](N)C[C@H](N)[C@@H](O[C@H]3O[C@@H](CC[C@H]3N)[C@@H](C)N)[C@@H]2O)OC[C@]1(C)O,4.7
C[C@]12CC[C@H]3[C@H]([C@@H]1CC[C@]2(C#C)O)CCC4=Cc5c(cno5)C[C@]34C,2.31
CC(C(=O)O)c1cccc(c1)C(=O)c2ccccc2,2.1
CC(C)(C)NC(=O)[C@@H]1C[C@@H]2CCCC[C@@H]2CN1C[C@@H](O)[C@H](Cc3ccccc3)NC(=O)[C@H](CC(=O)N)NC(=O)c4ccc5ccccc5n4,13.0
CC(=O)N[C@@H](CS)C(=O)O,5.5
C([C@H]1c2c(cc(c(c2)O)O)CCN1)c1c2c(ccc1)cccc2,1.58
C[C@]12CC[C@H]3[C@@H](CCc4cc(OS(=O)(=O)O)ccc34)[C@@H]1CC[C@@]2(O)C#C,8.4
CCCNC(C)C(=O)Nc1ccccc1C,1.8
COc1ccccc1OCCNCC(O)COc2cccc3[nH]c4ccccc4c23,2.4
C[C@@H]1CC[C@H]2[C@@H](C)[C@H](OC(=O)CCC(=O)O)O[C@@H]3O[C@@]4(C)CC[C@@H]1[C@@]23OO4,0.22
CCOc1cc(CC(=O)N[C@@H](CC(C)C)c2ccccc2N3CCCCC3)ccc1C(=O)O,0.87
[H]N(C(CC(C)(C)N([H])[H])=O)[C@@H]1CCc2ccccc2N(Cc2ccc(cc2)c2ccccc2c2nnnn2[H])C1=O,3.8
c12[C@@H](c3ccc(O)cc3)CNCCc1c(c(O)c(c2)O)Cl,1.0
CC(C)(C)[C@H](NC(=O)[C@H](CC1CCCC1)CN(O)C=O)C(=O)N2CCN(Cc3ccc4OCOc4c3)CC2,9.4
Cc1c(nc(n1c2ccc(cc2)F)C)C#Cc3ccnc(c3)Cl,78.9
CC[C@]1(O)C[C@@H]2CN(CCc3c([nH]c4ccccc34)[C@@](C2)(C(=O)OC)c5cc6c(cc5OC)N(C=O)[C@H]7[C@](O)([C@H](OC(=O)C)[C@]8(CC)C=CCN9CC[C@]67[C@H]89)C(=O)OC)C1,23.0
Oc1ccc(cc1)/C=C/C(=O)CCN(C)CCc2ccc3OCOc3c2,0.1
c1cc(ccc1C(=O)N[C@@H](CCC(=O)O)C(=O)O)NCc2cnc3c(n2)c(=O)nc([nH]3)N,2.6
O=S(=O)(N1Cc2cc(ccc2N(Cc3cnc[nH]3)C[C@H]1Cc4ccccc4)C#N)c5cccs5,1.6
[C@]12([C@H]([C@H]3[C@@H](CO2)OC(O3)(C)C)OC(O1)(C)C)COS(=O)(=O)N,34.8
C[N+]1([C@@H]2C[C@H](C[C@H]1[C@H]3[C@@H]2O3)OC(=O)[C@H](CO)c4ccccc4)CC5CC5,0.83
c1(c2[nH]c(c(c3nc(c(c4cc(ccc4)O)c4[nH]c(c(c5nc1CC5)c1cc(ccc1)O)cc4)C=C3)c1cc(ccc1)O)cc2)c1cc(ccc1)O,91.5
c12c(CC[C@@H](C1)[N@@](CCc1cccs1)CCC)c(ccc2)O,4.0
CCCCCCCC(=O)N[C@H](CN1CCCC1)[C@@H](c2ccc3c(c2)OCCO3)O,7.7
CN(C)[C@H]1[C@@H]2[C@@H](O)[C@H]3C(=C(O)[C@]2(O)C(=O)C(=C1O)C(=O)N)C(=O)c4c(O)cccc4[C@@]3(C)O,10.0
O[C@@H]1CO[C@@H]2[C@H](CO[C@H]12)ON(=O)=O,1.9
O=c1n(c2c([nH]1)nccc2)C1CCN(CC1)C(=O)N[C@H]1C(=O)N(CC(F)(F)F)C[C@@H](CC1)c1c(F)c(F)ccc1,8.2
CCOc1ccc(NC(=O)C)cc1,0.92
C1=CC([C@@H](C[C@@H]([C@@H]([C@@H](C)[C@@H](CC(O[C@@H]([C@@H](C)[C@@H]2O[C@@]12C)CC)=O)O)O[C@@H]1O[C@@H](C[C@@H]([C@@H]1O)N(C)C)C)CC=O)C)=O,3.34
Cc1nnc(SCC2=C(N3[C@H](SC2)[C@H](NC(=O)Cn4cnnn4)C3=O)C(=O)O)s1,1.7
C[C@@H]1CC(=O)NN=C1c2ccc(NN=C(C#N)C#N)cc2,1.1
OC(=O)C1N=C(c2ccccc2)c3cc(Cl)ccc3NC1=O,2.4
Cc1nnc2CN=C(c3ccccc3Cl)c4cc(Cl)ccc4n12,2.7
CCOC(=O)Nc1ccc(NCc2ccc(F)cc2)nc1N,8.5
CC(=N)N1CC[C@@H](C1)Oc2ccc(cc2)[C@H](Cc3ccc4ccc(cc4c3)C(=N)N)C(=O)O,24.02
C[C@H]([C@@H]1[C@@H]2N(C1=O)C(=C(S2)CN)C(=O)O)O,0.5
OC(CNCCNC(=O)N1CCOCC1)COc2ccc(O)cc2,7.7
CN1C(=O)CN=C(c2ccccc2F)c3cc(ccc13)N(=O)=O,25.0
[H]OC(CCCOCC=C1C[C@H]2C[C@H]([C@@H](C#C[C@H]([C@@H](C)CC#CCC)O[H])[C@H]2C1)O[H])=O,0.41
CN(C)Cc1c2ccccc2oc1C(=O)NCCOc3ccc(cc3)C(=O)NO,5.9
CCCCC1=NC2(CCCC2)C(=O)N1Cc3ccc(cc3)c4ccccc4c5nnn[nH]5,14.0
CN1CC[C@]23c4c5ccc(c4O[C@H]2[C@H](CC[C@H]3[C@H]1C5)O)OC,3.42
[H]N([H])C([C@](CCN1CCCCC1)(CCN(C(C)C)C(C)=O)c1ccccc1[Cl])=O,12.0
OC(=O)c1cc(ccc1O)c2ccc(F)cc2F,10.0
CC[C@H](C)[C@H]1NC(=O)[C@@H](NC(=O)[C@@H](CC(C)C)N(C)C(=O)[C@@H]2CCCN2C(=O)C(=O)C)[C@@H](C)OC(=O)[C@H](Cc3ccc(OC)cc3)N(C)C(=O)[C@@H]4CCCN4C(=O)[C@H](CC(C)C)NC(=O)[C@@H](C)C(=O)[C@@H](OC(=O)C[C@@H]1O)C(C)C,16.65
C1([C@H]2[C@@]([C@@]3(C([C@H]4[C@@](CC[C@@](C4)(C(O)=O)C)(C)CC3)=C1)C)(CC[C@@H]1[C@@]2(CC[C@@H](C1(C)C)O[C@@H]1[C@H](O[C@@H]2O[C@@H]([C@@H](O)[C@@H]([C@H]2O)O)C(O)=O)[C@H]([C@H](O)[C@H](O1)C(O)=O)O)C)C)=O,8.83
CC(C)N(CC[C@H](c1ccccc1)c2cc(C)ccc2O)C(C)C,2.4
N1([C@@H](CCCC1)C(=O)OC(CCCc1cnccc1)CCCc1cnccc1)C(=O)C(c1cc(c(c(c1)OC)OC)OC)=O,1.1
CCN(CCO)CCCC(C)Nc1ccnc2cc(Cl)ccc12,850.0
NC1CCN(C1)c2c(F)cc3C(=O)C(=CN(C4CC4)c3c2Cl)C(=O)O,5.4
CC(C)C[C@@H]1CN2CCc3cc(c(cc3[C@H]2C[C@H]1OC(=O)[C@H](C(C)C)N)OC)OC,18.0
COc1cccc(c1)[C@@]2(O)CCCC[C@@H]2CN(C)C,5.8
CC(C)(O\N=C(/C(=O)N[C@H]1[C@H]2SCC(=C(N2C1=O)C(=O)[O-])C[n+]3ccccc3)\c4csc(N)n4)C(=O)O,1.8
c1c2c(c(c(c1F)N3C[C@H]4[C@H](C3)OCCN4)C#N)n(cc(c2=O)C(=O)O)C5CC5,13.42
CCN(CC)C(=O)\C(=C\c1cc(O)c(O)c(c1)N(=O)=O)\C#N,2.4
Cc1c(OCC(F)(F)F)ccnc1CS(=O)c2nc3ccccc3[nH]2,1.0
COc1nc(C)nc(Cl)c1NC2=NCCN2,2.2
n1c2c(nc[nH]2)c([nH]c1N)=S,24.35
COCC(=O)Nc1c(I)c(C(=O)NCC(O)CO)c(I)c(C(=O)N(C)CC(O)CO)c1I,2.6
C(N[C@H](C(N[C@@H](CC(C)C)[B](O)O)=O)[C@@H](C)O)(=O)C(=NC(=C1)C(=C2)C=CC=C2)C=C1,42.1
CCOc1cc(ccc1OC)[C@@H](CS(=O)(=O)C)N2C(=O)c3cccc(c3C2=O)CC(=O)C,6.03
c1(C(NCCO[N+](=O)[O-])=O)cccnc1,3.6
c1ccc([C@H]([C@H]2CCCCN2)C(OC)=O)cc1,8.0
C[C@H]([C@@H](C(=O)N[C@@H](Cc1ccccc1)C(=O)N[C@@H]([C@@H](C)O)C(=O)N[C@@H](CO)C(=O)N[C@@H](CCC(=O)O)C(=O)N[C@@H](CC(C)C)C(=O)N[C@@H](CO)C(=O)N[C@@H](CCCNC(=N)N)C(=O)N[C@@H](CC(C)C)C(=O)N[C@@H](CCCNC(=N)N)C(=O)N[C@@H](CCC(=O)O)C(=O)NCC(=O)N[C@@H](C)C(=O)N[C@@H](CCCNC(=N)N)C(=O)N[C@@H](CC(C)C)C(=O)N[C@@H](CCC(=O)N)C(=O)N[C@@H](CCCNC(=N)N)C(=O)N[C@@H](CC(C)C)C(=O)N[C@@H](CC(C)C)C(=O)N[C@@H](CCC(=O)N)C(=O)NCC(=O)N[C@@H](CC(C)C)C(=O)N[C@@H](C(C)C)C(=O)N)NC(=O)CNC(=O)[C@H](CC(=O)O)NC(=O)[C@H](CO)NC(=O)[C@H](Cc2cnc[nH]2)N)O,2.41
c1(cc2ccccc2cc1)C[C@H](C(N[C@@H](C(N[C@@H](C(N[C@@H](CO)C(N[C@H](C(N[C@@H](C(N[C@H](C(N[C@H](C(N1[C@@H](C(N[C@@H](C(N)=O)C)=O)CCC1)=O)CCCCNC(C)C)=O)CC(C)C)=O)Cc1ccc(cc1)NC(N)=O)=O)Cc1ccc(cc1)NC([C@H]1CC(NC(N1)=O)=O)=O)=O)=O)Cc1cnccc1)=O)Cc1ccc(cc1)Cl)=O)NC(C)=O,18.6
NC[C@H]1O[C@H](O[C@@H]2[C@@H](N)C[C@@H](N)[C@H](O[C@H]3O[C@H](CO)[C@@H](O)[C@H](N)[C@H]3O)[C@H]2O)[C@H](O)[C@@H](O)[C@@H]1O,2.1
O[C@H]1CO[C@@H]2[C@@H](CO[C@H]12)ON(=O)=O,4.1
CC(C)N1CCC(CC1)N(C(=O)Cc2ccccc2)c3ccc(Cl)cc3,6.5
CC1=C(C=C(C#N)C(=O)N1)c2ccncc2,0.8
CC(C)C[C@H](NC(=O)[C@H](Cc1ccccc1)NC(=O)c2cnccn2)B(O)O,18.0
[H]N=C(c1ccc(cc1)N([H])Cc1nc2cc(ccc2n1C)C(N(CCC(=O)O[H])c1ccccn1)=O)N([H])[H],7.3
c1c(cc(c(C(Cn2ncnc2)(O)Cn2cncn2)c1)F)F,30.0
N[C@@H]1CN(CC12CC2)c3c(F)cc4C(=O)C(=CN([C@@H]5C[C@@H]5F)c4c3Cl)C(=O)O,6.6
[H]O[C@H](CN1CCC(CC1)N(C)c1nc2ccccc2s1)COc1ccc(cc1)F,18.9
CN1CCC[C@@H]1Cc2c[nH]c3ccc(CCS(=O)(=O)c4ccccc4)cc23,4.2
COC(=O)C1=C(C)NC(=C(C1c2ccccc2N(=O)=O)C(=O)OC)C,1.9
C1=2[C@H]([C@H]3[C@]([C@@](C#CC)(O)CC3)(C)C[C@@H]1c1ccc(N(C)C)cc1)CCC=1C2CCC(C1)=O,16.6
n1cnc(c2cc(c(cc12)OCCOC)OCCOC)Nc1cc(ccc1)C#C,6.5
CN1C(=O)N(CCCCC(=O)C)C(=O)c2c1ncn2C,1.2
OC(=O)C1=CN(C2CC2)c3cc(N4CCNCC4)c(F)cc3C1=O,3.8
C(N)#N,0.43
CCCCc1nc(c(c(=O)n1Cc2ccc(cc2)c3ccccc3c4[nH]nnn4)CC(=S)N(C)C)C,5.5
B1(c2c(cccc2OCCCO)[C@H](O1)CN)O,11.6
CCC[C@@H]1C[C@H](N(C)C1)C(=O)N[C@H]([C@H](C)Cl)[C@H]2O[C@H](SC)[C@H](O)[C@@H](O)[C@H]2O,2.1
Cn1cncc1[C@@](c2ccc(cc2)Cl)(c3ccc4c(c3)c(cc(=O)n4C)c5cccc(c5)Cl)N,2.52
CCCNCC(O)COc1ccccc1C(=O)CCc2ccccc2,2.1
Cc1c(c2ccccc2[nH]1)CCNCc3ccc(cc3)/C=C/C(=O)NO,13.1
c12c(C[C@@H](NC([C@@H](NC([C@@H](NC([C@@H](NC([C@@H](NC([C@@H](NC([C@@H](NC([C@@H](NC([C@@H](NC([C@@H](Cc3c[nH]cn3)NC([C@@H](NC(CNC([C@@H](NC([C@@H](NC([C@@H](Cc3c[nH]cn3)NC([C@@H](NC([C@@H](NC([C@@H](NC([C@@H](NC([C@@H](NC([C@@H](NC([C@@H](NC([C@@H](CO)N)=O)C(C)C)=O)CO)=O)CCC(O)=O)=O)[C@@H](CC)C)=O)CCC(N)=O)=O)CC(C)C)=O)CCSC)=O)=O)CC(N)=O)=O)CC(C)C)=O)=O)CCCCN)=O)=O)CC(C)C)=O)CC(N)=O)=O)CO)=O)CCSC)=O)CCC(O)=O)=O)CCCNC(N)=N)=O)C(C)C)=O)CCC(O)=O)=O)C(N[C@@H](C(N[C@@H](C(N[C@@H](C(N[C@@H](C(N[C@@H](C(N[C@@H](C(N[C@@H](C(N[C@@H](C(N[C@@H](Cc3c[nH]cn3)C(N[C@@H](C(N[C@@H](Cc3ccccc3)C(O)=O)=O)CC(N)=O)=O)=O)C(C)C)=O)CC(O)=O)=O)CCC(N)=O)=O)CC(C)C)=O)CCCCN)=O)CCCCN)=O)CCCNC(N)=N)=O)CC(C)C)=O)c[nH]c1cccc2,0.14
COCCNC1=O[Gd+3]234567O=C(CN2(CCN3(CCN4(CC(=O)[O-]5)C1)CC(=O)[O-]6)CC(=O)[O-]7)NCCOC,1.7
c1ccc2c(c1)c(ccc2n3c(nnc3Br)SCC(=O)O)C4CC4,5.0
c1(c(cc(OC)c(c1)OC)OC)\C=C\C,3.7
CN(C)C(=O)CCS[C@H](SCCC(=O)O)c1cccc(\C=C\c2ccc3ccc(Cl)cc3n2)c1,2.3
CCCCN1CCCC1C(=O)Nc2c(cc(cc2C)C)C,1.58
OC(=O)c1cc(ccc1O)N=Nc2ccc(O)c(c2)C(=O)O,0.9
c1(c(c(c(cc1C)OC[C@@H](CNC(C)C)O)C)C)O,3.1
C[C@H](c1c(ccc(c1Cl)F)Cl)Oc2cc(cnc2N)c3cnn(c3)C4CCNCC4,38.9
CC(C)(C)NC(=O)[C@@H]1CN(Cc2cccnc2)CCN1C[C@@H](O)C[C@@H](Cc3ccccc3)C(=O)N[C@@H]4[C@H](O)Cc5ccccc45,1.0
CCCNc1nc(NCCC)nc(n1)N(C)OC,5.61
CCC(C)(C)NCC(O)COc1ccccc1C(=O)CCc2ccccc2,1.5
O=C(C(C(=C(C(=C1F)N(CCN2C)CC2)OC2)N(C3)[C@H]2C)=C1N)C=3C(O)=O,20.1
COc1c(N2C[C@@H]3CCCN[C@@H]3C2)c(F)cc4C(=O)C(=CN(C5CC5)c14)C(=O)O,8.2
CN(Cc1cnc2nc(N)nc(N)c2n1)c3ccc(cc3)C(=O)N[C@@H](CCC(=O)O)C(=O)O,3.9
CO\N=C(/C(=O)N[C@H]1[C@H]2SCC(=C(N2C1=O)C(=O)[O-])C[n+]3cccc4CCCc34)\c5csc(N)n5,1.7
CCCC1=CC(=O)NC(=S)N1,1.3
OC(CCN1CCCC1)(C2CCCCC2)c3ccccc3,12.0
CC1(C)S[C@@H]2[C@H](NC(=O)[C@H](N)c3ccccc3)C(=O)N2[C@H]1C(=O)O,1.4
c1cc(cc(c1)Cl)N2CCN(CC2=O)Cc3cncn3Cc4ccc(cc4)C#N,2.6
Oc1ccc2C[C@H]3N(CC4CC4)CC[C@@]56[C@@H](Oc1c25)C(=O)CC[C@@]36O,1.9
CCCCCCCC\C=C\CCCCCCCC(=O)OC[C@H]1O[C@H]([C@@H](O)[C@@H]1O)N2C=CC(=NC2=O)N,0.36
c1c(cn(c1C(=O)NCC/N=C(/N)N)C)NC(=O)c1n(cc(c1)NC(=O)c1cc(cn1C)NC(=O)c1cc(cn1C)NC(=O)C(=C)Br)C,8.3
O[C@@H]1[C@H]([C@H](OC[C@H]1O)O)O,1.2
c1(c(cc(cc1)CCO[C@H]1[C@@H](CCCC1)N1C[C@@H](CC1)O)OC)OC,3.13
c1cccc2c1C(c1c2cccc1)(CCCCN1CCC(CC1)NC(c1c(cccc1)c1ccc(cc1)C(F)(F)F)=O)C(NCC(F)(F)F)=O,39.7
c1([n+](cccc1)C)\C=N\O,1.4
CC(=O)Nc1ccc(O)cc1,2.5
C[C@@H](c1cccnc1F)c1c2ccccc2sc1CCN(C)C,15.0
CN1N(C(=O)C=C1C)c2ccccc2,12.0
CN[C@@H]1[C@@H](O)[C@@H](O[C@H]2[C@H](N)C[C@H](N)[C@@H](O[C@H]3OC(=CC[C@H]3N)CN)[C@@H]2O)OC[C@]1(C)O,2.4
CC1(C)S[C@@H]2[C@H](NC(=O)COc3ccccc3)C(=O)N2[C@H]1C(=O)O,0.84
CN(C)CCCN1c2ccccc2Sc3ccccc13,7.9
CC[C@@]1(c2cc-3n(c(=O)c2COC1=O)Cc4c3nc5ccccc5c4CC[Si](C)(C)C)O,13.2
CC(C)n1c(\C=C\[C@H](O)C[C@H](O)CC(=O)O)c(c2ccc(F)cc2)c3ccccc13,0.7
Cc1cc(O)c2C(=O)c3c(O)cc(O)c4c5c(O)cc(O)c6C(=O)c7c(O)cc(C)c8c1c2c(c34)c(c78)c56,42.0
c1cc(ccc1Cl)SC(P(O)(O)=O)P(O)(O)=O,7.7
CCC(=O)C1(CCN(C)CC1)c2cccc(O)c2,2.3
CC1=C(CCN2CCC(CC2)c3noc4cc(F)ccc34)C(=O)N5CCCCC5=N1,3.2
CN1C=CNC1=S,2.4
"n1(c(cnc1C)[N+](=O)[O-])C[C@@H](CCl)O
",12.0
COC(=O)N[C@@H](C(C)C)C(=O)N1CCC[C@H]1c2ncc([nH]2)c3ccc(cc3)c4ccc(cc4)c5cnc([nH]5)[C@@H]6CCCN6C(=O)[C@@H](NC(=O)OC)C(C)C,13.5
C1(C=C[C@@]2([C@H]3[C@H](C[C@@]4([C@@]5([C@@H](C[C@@H]4[C@@H]3CCC2=C1)O[C@H](C1CCCCC1)O5)C(COC(C(C)C)=O)=O)C)O)C)=O,1.04
C(O)[C@@]12[C@H](C3=CC[C@H]4[C@@]([C@@]3(C[C@H]2O)C)(C)CC[C@@H]2[C@]4(C)CC[C@@H]([C@@]2(CO)C)O[C@H]2[C@H](O[C@@H]3O[C@H](CO)[C@H]([C@@H]([C@H]3O)O)O)[C@@H](O)[C@@H]([C@H](O2)C(=O)O)O[C@@H]2O[C@H](CO)[C@H]([C@@H]([C@H]2O)O)O)CC([C@H]([C@@H]1OC(=O)C)OC(=O)/C(=C\C)/C)(C)C,1.8
Cc1onc(NS(=O)(=O)c2ccc(N)cc2)c1,9.8
C[C@H]1C(=O)N[C@H](C(=O)N[C@H](C(=O)N[C@H]2CSSC[C@@H](C(=O)N[C@H](C(=O)N[C@H](C(=O)N[C@H](C(=O)N[C@H](C(=O)N[C@H](C(=O)N[C@H](C(=O)N[C@H](C(=O)N[C@H](C(=O)N1)CCC(=O)O)CC(=O)O)C)CCC(=O)N)C(C)C)Cc3ccccc3)CC(=O)O)CO)NC(=O)[C@@H](NC(=O)[C@@H]4CCCN4C(=O)[C@@H](NC(=O)[C@@H](NC(=O)[C@@H](NC2=O)Cc5ccc(cc5)O)CC(=O)N)CC(=O)O)CCCCN)CCCNC(=N)N)CCCNC(=N)N,0.25
CC[C@H](C)[C@@H]([C@@H](CC(=O)N1CCC[C@H]1[C@@H]([C@@H](C)C(=O)NCCc2ccccc2)OC)OC)N(C)C(=O)[C@H](C(C)C)NC(=O)[C@H](C(C)C)N(C)C,5.67
c1cc(c(cc1I)F)Nc2c(ccc(c2F)F)C(=O)N3CC(C3)([C@@H]4CCCCN4)O,68.8
CN(C)[C@H]1[C@@H]2C[C@H]3C(=C(O)[C@]2(O)C(=O)C(=C1O)C(=O)NCN4CCCC4)C(=O)c5c(O)cccc5[C@@]3(C)O,8.8
c12[C@@H]([N@@]3[C@@H]([C@@H]4C[C@@H]([C@@H]([N@@]4C)[C@@H]3Cc1cccc2OC)C(=O)O)C#N)CO,1.52
Nc1ccc(cc1)S(=O)(=O)Nc2ncccn2,7.0
COc1cc2nc(nc(N)c2cc1OC)N3CCN(CC3)C(=O)C4CCCO4,9.0
CC(C)(C)NCC(O)COc1cccc2CC(O)C(O)Cc12,9.2
CCC(CC)COC(C(=O)OCCN(C)C)(c1ccccc1)c2ccccc2,34.0
c1(nc(c(n1Cc1ccc(cc1)c1c(cccc1)c1nnn[nH]1)C(=O)O)C(C)(C)O)CCC,10.8
Cc1ccc(cc1)S(=O)(=O)NC(=O)N[C@H]2[C@H]3CC[C@@]([C@H]2O)(C3(C)C)C,9.2
CN(C)CCC=C1c2ccccc2CCc3ccccc13,17.0
CC(C)(C)NC[C@H](O)COc1nsnc1N2CCOCC2,2.2
c1(ccc(O)cc1)OC[C@H](CNC(C)C)O,2.85
CN1C[C@@H](C=C2[C@H]1Cc3c[nH]c4cccc2c34)C(=O)N[C@]5(C)O[C@@]6(O)[C@@H]7CCCN7C(=O)[C@H](Cc8ccccc8)N6C5=O,2.1
[H]O[C@]1(CC)CC(=O)OCC2=C1C=C1c3c(CN1C2=O)cc1cc(c(cc1n3)F)F,3.1
c1(C(c2ccc(SC)cc2)=O)c([nH]c([nH]1)=O)C,1.94
c1(C2(C(=O)N(C)CC)CCN(CC2)CCCCCC)ccccc1,3.6
COC(=O)[C@H](c1ccccc1Cl)N2CCc3c(ccs3)C2,5.06
CC(=O)OCC1=C(N2[C@@H]([C@@H](C2=O)NC(=O)CC#N)SC1)C(=O)O,2.02
c1cn(c(=O)nc1N)[C@H]2[C@H](C[C@H](O2)CO)F,1.8
CCC(C)CC(C)CCCCCCCCC(=O)NC1CC(O)C(NCCN)NC(=O)C2C(O)CCN2C(=O)C(NC(=O)C(NC(=O)C3CC(O)CN3C(=O)C(NC1=O)C(C)O)C(O)C(O)c4ccc(O)cc4)C(O)CCN,27.0
COc1ccc2C[C@@H]3c4c(CC[N+]3(C)C)cc(OC)c(OC)c4Oc5ccc(C[C@H]6c7cc(Oc1c2)c(OC)cc7CC[N+]6(C)C)cc5,5.1
C(\c1ccc(Br)cc1)(c1cccnc1)=C\CN(C)C,6.26
[H]N(C(CP(=O)(O[H])O[H])=O)[C@@H](CC(=O)O[H])C(=O)O[H],4.78
CN(C)CCC(c1ccc(Cl)cc1)c2ccccn2,22.0
COc1ccc(Cc2nccc3cc(OC)c(OC)cc23)cc1OC,1.8
CN1CCc2cc3c(c(c2[C@@H]1[C@@H]4c5ccc(c(c5C(=O)O4)OC)OC)OC)OCO3,2.13
NC(=N)N1CCC[C@@H](CNC(=O)C[C@H](NS(=O)(=O)c2ccc3ccccc3c2)C(=O)N(CC(=O)O)C4CC4)C1,1.9
CN(C)CCc1c[nH]c2ccc(Cn3cncn3)cc12,2.2
N1C(\C(c2ccccc12)=C/c1[nH]c(cc1C)C)=O,0.83
CC(C)(C)NCC(O)c1ccc(O)c(CO)c1,2.4
COC1=C(N2[C@@H]([C@@H](C2=O)NC(=O)[C@@H](C3=CCC=CC3)N)SC1)C(=O)O,0.74
NC1=NC(=O)N(C=C1)[C@@H]2CS[C@H](CO)O2,9.1
CC[C@]1(O)C[C@@H]2CN(CCc3c([nH]c4ccccc34)[C@@](C2)(C(=O)OC)c5cc6c(cc5OC)N(C)[C@H]7[C@](O)([C@H](OC(=O)C)[C@]8(CC)C=CCN9CC[C@]67[C@H]89)C(=O)OC)C1,67.0
CC(=O)O[C@H]1C(=O)[C@]2(C)[C@@H](O)C[C@H]3OC[C@@]3(OC(=O)C)[C@H]2[C@H](OC(=O)c4ccccc4)[C@]5(O)C[C@H](OC(=O)[C@H](O)[C@@H](NC(=O)c6ccccc6)c7ccccc7)C(=C1C5(C)C)C,11.0
O=S(=O)(N1CCCNCC1)c2cccc3cnccc23,0.44
n1([C@H]2[C@@H]([C@@H](O)[C@@H]([C@H](O2)CO)OC)O)c2c3c(c4C(=O)N(C(c4c2c2c1c(Cl)ccc2)=O)CCN(CC)CC)c1cccc(c1[nH]3)Cl,48.9
CCN(CC)CCNC(=O)c1ccc(N)cc1,3.1
CC1[C@@H]2Cc3ccc(O)cc3[C@@]1(C)CCN2CC=C(C)C,2.5
c12CC(c3c(N(c2cccc1)C(=O)N)cccc3)O,9.8
OC1=C([C@@H]2CC[C@H](CC2)c3ccc(Cl)cc3)C(=O)c4ccccc4C1=O,63.0
Nc1c2CCCCc2nc3ccccc13,3.3
CC(C)C[C@H]1C(=O)N2CCC[C@H]2[C@]3(N1C(=O)[C@](O3)(C)NC(=O)[C@@H]4C[C@@H]5c6cccc7c6c(c[nH]7)C[C@H]5N(C4)C)O,8.84
Oc1ccc2C[C@H]3N(CC4CCC4)CC[C@@]5(CCCC[C@@]35O)c2c1,4.8
COCC(=O)O[C@]1(CCN(C)CCCc2nc3ccccc3[nH]2)CCc4cc(F)ccc4[C@@H]1C(C)C,13.0
c12c3cccc1cc(cc2C(=O)N(C3=O)CCN(C)C)[N+](=O)[O-],28.7
COc1ccc(CC2c3cc(OC)c(OC)cc3CC[N+]2(C)CCC(=O)OCCCCCOC(=O)CC[N+]4(C)CCc5cc(OC)c(OC)cc5C4Cc6ccc(OC)c(OC)c6)cc1OC,0.31
CN(C)N=Nc1ccc(cc1)C(=O)O,2.5
C(C)(CCCCCCC(=O)N[C@H]1[C@H](Oc2c3cc4[C@H](C(N[C@@H]5c6cc(c7c([C@@H](NC([C@H]([C@@H](c8cc(c(O3)cc8)Cl)O[C@H]3[C@@H]([C@H]([C@H](O)[C@H](O3)CO)O)NC(C)=O)NC5=O)=O)C(=O)O)cc(O)cc7O[C@H]3O[C@@H]([C@@H](O)[C@@H]([C@@H]3O)O)CO)c(cc6)O)=O)NC([C@@H]3c5cc(Oc6cc(ccc6O)[C@@H](C(N[C@@H](C(N3)=O)Cc3cc(c(Oc2c4)cc3)Cl)=O)N)cc(c5)O)=O)O[C@@H]([C@H](O)[C@@H]1O)CO)C,54.2
CCN(C(=O)C)c1cccc(c1)c2ccnc3c(cnn23)C#N,1.1
CCN(CC)CCCC(C)Nc1c2ccc(Cl)cc2nc3ccc(OC)cc13,120.0
OCCN1C[C@H](O)[C@@H](O)[C@H](O)[C@H]1CO,2.3
CCc1c2CN3C(=O)C4=C(C=C3c2nc5ccc(OC(=O)N6CCC(CC6)N7CCCCC7)cc15)[C@@](O)(CC)C(=O)OC4,9.0
CC(=O)[C@H]1CC[C@H]2[C@@H]3CC[C@@H]4C[C@H](O)CC[C@]4(C)[C@H]3CC[C@]12C,4.7
CO/N=C/1\CN(CC1CN)c2c(cc3c(=O)c(cn(c3n2)C4CC4)C(=O)O)F,8.3
CC1([C@@H](N2[C@H](S1)[C@@H](C2=O)NC(=O)[C@@H](c3ccc(cc3)O)NC(=O)N4CCN(C4=O)/N=C/c5ccco5)C(=O)O)C,1.3
Cc1[nH]cnc1CN2CCc3c(C2=O)c4ccccc4n3C,1.6
c1(=C\c2c([nH]cn2)C(C)(C)C)\[nH]c(=O)/c(=C/c2ccccc2)[nH]c1=O,6.3
C(P(O)(O)=O)(P(O)(O)=O)(Cl)Cl,43.2
CCCN(CCC)S(=O)(=O)c1ccc(cc1)C(=O)O,5.9
CN(C)CCCC1(OCc2cc(ccc12)C#N)c3ccc(F)cc3,33.0
NC(=O)OC[C@@H]1[C@H](NC(=O)\C(=N/OCC(=O)O)\c2csc(N)n2)C(=O)N1S(=O)(=O)O,1.6
CCOC(=O)[C@@]1(CCC=C[C@H]1N(C)C)c2ccccc2,5.0
OCCNCCNc1ccc(NCCNCCO)c2C(=O)c3c(O)ccc(O)c3C(=O)c12,53.0
CCCCCCCCCC(=O)N[C@@H](Cc1c[nH]c2ccccc12)C(=O)N[C@H](CC(=O)N)C(=O)N[C@@H](CC(=O)O)C(=O)N[C@H]3[C@@H](C)OC(=O)[C@H](CC(=O)c4ccccc4N)NC(=O)[C@@H](NC(=O)[C@@H](CO)NC(=O)CNC(=O)[C@H](CC(=O)O)NC(=O)[C@@H](C)NC(=O)C(CC(=O)O)NC(=O)[C@H](CCCN)NC(=O)CNC3=O)[C@H](C)CC(=O)O,8.1
Cc1cnc(cn1)C(=O)N[C@H]2CCCCC/C=C\[C@@H]3C[C@]3(NC(=O)[C@@H]4C[C@H](CN4C2=O)Oc5c6ccccc6c7ccccc7n5)C(=O)NS(=O)(=O)C8CC8,8.71
CCCCCCCCCCNCCN[C@@]1(C)C[C@H](O[C@@H]2[C@@H](O)[C@H](O)[C@@H](CO)O[C@H]2Oc3c4Oc5ccc(cc5Cl)[C@@H](O)[C@@H](NC(=O)[C@@H](CC(C)C)NC)C(=O)N[C@@H](CC(=O)N)C(=O)N[C@H]6C(=O)N[C@H]7C(=O)N[C@@H]([C@H](O)c8ccc(Oc3cc6c4)c(Cl)c8)C(=O)N[C@H](C(=O)O)c9cc(O)c(CNCP(=O)(O)O)c(O)c9c%10cc7ccc%10O)O[C@@H](C)[C@H]1O,6.7
C(c1c(cc(cc1)CC(=O)N[C@@H](CC(C)C)c1c(cccc1)N1CCCCC1)OCC)(=O)O,2.5
OC[C@@H]1[C@@H](O)[C@@H](O)[C@@H](O1)n1cnc2c(N)nc(nc12)n1ncc(c1)C(=O)NC,2.0
CN1[C@@H]2CC[C@H]1C[C@H](C2)OC(=O)C(CO)c3ccccc3,4.1
C\C=C\C1=C(N2[C@H](SC1)[C@H](NC(=O)[C@H](N)c3ccc(O)cc3)C2=O)C(=O)O,1.2
N1(C(COCC1)CN(C1)C(=C(C(=NC2C)NNC(C(CC3CCCC3)CN(C=O)O)=O)F)N=2)C1,4.2
CC(Cc1ccccc1)N(C)CC#C,1.3
CC(C)CN(C[C@H]([C@H](Cc1ccccc1)NC(=O)O[C@H]2CO[C@@H]3[C@H]2CCO3)O)S(=O)(=O)c4ccc(cc4)N,15.0
[N]123CC[N]45CC[N]67CC[N]8(CC1)CC(=O)[O-][Gd+3]3578([OH]C(C2)C)([O-]C(=O)C4)[O-]C(=O)C6,1.6
CC1(C)S[C@@H]2[C@H](\N=C\N3CCCCCC3)C(=O)N2[C@H]1C(=O)O,1.1
Nc1nc(Cl)nc2c1ncn2[C@H]3C[C@H](O)[C@@H](CO)O3,16.0
CCCC(C)C1(CC)C(=O)NC(=O)NC1=O,22.0
C1CCN(C(c2cccnc2)=O)c2c1cccc2OC[C@@H](CNC(C)C)O,12.4
c12c(cc(C#Cc3ccc(C(OCC)=O)cn3)cc1)C(CCS2)(C)C,6.22
NCCNC(=O)NC4=CN(CC=3CS[C@H]2N(C(=O)[C@H]2NC(=O)C(=N\OC(C)(C)C(=O)O)/c1nc(N)sn1)C=3C(=O)O)N(C)C4=N,2.58
O=C([C@@H](N)CO)NC1=C(OC)C=CC(/C=C\C2=CC(OC)=C(OC)C(OC)=C2)=C1,0.26
CC1(C)S[C@@H]2[C@H](NC(=O)[C@H](NC(=O)N3CCN(C3=O)S(=O)(=O)C)c4ccccc4)C(=O)N2[C@H]1C(=O)O,1.2
CN1CCCC(CC1)N2N=C(Cc3ccc(Cl)cc3)c4ccccc4C2=O,22.0
CN(C)C(=O)Oc1cccc(c1)[N+](C)(C)C,1.3
CN1CCN(Cc2ccc(cc2)C(=O)Nc3ccc(C)c(Nc4nccc(n4)c5cccnc5)c3)CC1,22.0
CC[C@H](Cc1c(ccs1)Cl)Nc2c3ccn(c3ncn2)[C@@H]4C[C@@H]([C@H]([C@H]4O)O)C(=O)NCC,1.33
CCC1=C(C)CN(C(=O)NCCc2ccc(cc2)S(=O)(=O)NC(=O)N[C@@H]3CC[C@@H](C)CC3)C1=O,10.0
CC[C@H]1CN2CC[C@H]1C[C@@H]2[C@@H](O)c3ccnc4ccc(OC)cc34,5.7
C[C@H](CCc1ccccc1)NC[C@H](O)c2ccc(O)c(c2)C(=O)N,3.3
CC(Cn1cnc2c1c(=O)n(c(=O)n2C)C)O,7.8
C[C@]12CCC(=O)C=C1CC[C@H]3[C@@H]4CC[C@](O)(C(=O)CO)[C@@]4(C)C[C@H](O)[C@H]23,1.6
CCN(CC)Cc1cc(ccc1O)Nc2ccnc3c2ccc(c3)Cl,2.1
CN1CCN(CC1)C(c2ccccc2)c3ccccc3,13.53
COc1ccc(cc1)c2nc3cc(ccc3[nH]2)C4=NNC(=O)CC4C,1.8
CN1C(=O)N(C)c2[nH]cnc2C1=O,7.2
C(OP(=O)(NCCBr)NCCBr)c1n(C)c(nc1)N(=O)=O,1.0
N1C(Cc2c1cccc2CCN(CCC)CCC)=O,6.0
CC(=O)CC(C1=C(O)c2ccccc2OC1=O)c3ccccc3,29.0
OC(Cn1ccnc1)(P(=O)(O)O)P(=O)(O)O,11.0
O=C1C(CCS(=O)c2ccccc2)C(=O)N(N1c3ccccc3)c4ccccc4,6.2
CC1=CN([C@H]2C[C@H](N=[N+]=[N-])[C@@H](CO)O2)C(=O)NC1=O,1.3
C[C@H]1COc2c(N3CCN(C)CC3)c(F)cc4C(=O)C(=CN1c24)C(=O)O,8.8
Oc1ccc2C[C@H]3N(CC=C)CC[C@@]45[C@@H](Oc1c24)C(=O)CC[C@@]35O,1.1
CN(C)CCn1nnnc1SCC2=C(N3[C@H](SC2)[C@H](NC(=O)Cc4csc(N)n4)C3=O)C(=O)O,0.84
Clc1cccc(Cl)c1NC2=NCCN2,7.6
O=S(=O)(O)c1c(O)ccc(O)c1,2.01
NC(=O)NO,3.4
CS(=O)(=O)[N@@](N(S(=O)(=O)C)C(=O)NC)CCCl,0.49
CCCCCNC(=O)c1coc(n1)[C@H]2[C@@H](Cc3ccccc3CCC(=O)O)[C@@H]4CC[C@H]2O4,22.0
N[C@@H](Cc1ccc(O)c(O)c1)C(=O)O,1.3
O=S(=O)(c1ncc(cc1)C)Nc1nc(c2ccncc2)nc(c1Oc1ccccc1OC)OC,7.2
[H]N([H])c1nc(C(C(N([H])[C@H]2C(N3C(=C(CN4C=CN5C4=CC=C[N-]5)CS[C@H]23)C(=O)O[H])=O)=O)=NOC)ns1,1.7
OC1=C(Oc2cc(O)cc(O)c2C1=O)c3ccc(O)c(O)c3,0.6
CC(C)[C@@H](\C=C(/C)\C(=O)O)N(C)C(=O)[C@@H](NC(=O)[C@H]1CCCCN1C(C)C)C(C)(C)C,17.5
CCN(CC)CCS(=O)(=O)[C@@H]1CCN2[C@H]1C(=O)O[C@@H](C(C)C)[C@H](C)\C=C\C(=O)NC\C=C/C(=C/[C@@H](O)CC(=O)Cc3occ(n3)C2=O)/C,0.74
NS(=O)(=O)c1cc(C(=O)O)c(NCc2occc2)cc1Cl,2.5
C=CC(=O)N1CCCC(C1)[n@]2c3c(c(n2)c4ccc(cc4)Oc5ccccc5)c(ncn3)N,5.0
CC(C)NCC(O)COc1cccc2[nH]ccc12,2.2
c12c(C[C@H](CC2)NCCC)sc(n1)N,12.4
N12[C@@H](c3c(cccc3)Cc3c1cccc3)C[N@@](C)CC2,9.6
NC(=O)C([C@@H]1CCN(CCc2ccc3OCCc3c2)C1)(c4ccccc4)c5ccccc5,3.6
NCC(CCC(O)=O)=O,0.83
C1CN=C(N1)C2CC2(c3ccccc3)c4ccccc4,7.3
OC(CN1CCOCC1)Cn2c(cnc2C)[N+]([O-])=O,6.2
O[C@@H]1C[C@@](C[C@@H](OC(=O)\C=C\c2ccc(O)c(O)c2)[C@@H]1O)(OC(=O)\C=C\c3ccc(O)c(O)c3)C(=O)O,1.37
c1(c2c(nc(N3CCN(C)CC3)nc2)N)c(c(cc(c1)Cl)Cl)Cl,10.98
c1cc(cc(c1)[C@@H]([C@@H](C)CN(C)C)CC)O,2.39
COc1ccc(cc1NCC(=O)O)CS(=O)(=O)/C=C/c2c(cc(cc2OC)OC)OC,0.95
O=C1CN(\N=C\c2oc(cc2)c3ccc(cc3)N(=O)=O)C(=O)N1,10.0
CN\C(=C/N(=O)=O)\NCCSCc1oc(CN(C)C)cc1,2.1
CC(C)C[C@H](NC(=O)[C@@H](Cc1c[nH]c2ccccc12)NC(=O)[C@H](Cc3ccc(O)cc3)NC(=O)[C@H](CO)NC(=O)[C@H](Cc4c[nH]c5ccccc45)NC(=O)[C@H](Cc6c[nH]cn6)NC(=O)[C@@H]7CCC(=O)N7)C(=O)N[C@@H](CCCNC(=N)N)C(=O)N8CCC[C@H]8C(=O)NCC(=O)N,2.81
O1[C@@H]([C@@H](CC[C@H]1[C@@H](N)C)N)O[C@@H]1[C@H]([C@@H]([C@H](OC)[C@H](N(C)C(CN)=O)[C@H]1O)O)N,2.0
c1(n(c2c(C(=O)c3ccccc3C2=O)[n+]1Cc1cnccn1)CCOC)C,24.8
c1cn(c(=O)nc1N)[C@@H]2CO[C@@H](S2)CO,8.92
C[C@@H]1CCN([C@H](C1)C(=O)O)C(=O)[C@H](CCCNC(=N)N)NS(=O)(=O)c2cccc3CC(C)CNc23,0.4
Cc1ccc(c(c1)C(=O)N2CCN(CC[C@H]2C)c3nc4cc(ccc4o3)Cl)n5nccn5,10.37
c1(\C(CCCCOC)=N\OCCN)ccc(C(F)(F)F)cc1,12.5
CC1=CC[C@H](C[C@@H]1O)C(C)(C)O,1.9
C(C([N+]([Gd+++]([N+]1(C2)C3)([N+](C2)(C2)C4)([O-]5)([O-]6)([O-]C3=O)([O-]C4=O)[O-]C2=O)(CC6=O)CC5=O)C1)C(=CC=C1OCC)C=C1,0.95
[H]C#CCCCC(c1cc(c(c(c1)C(C)(C)C)O[H])C(C)(C)C)=O,50.7
O1[C@H]2[C@@H]([C@H]([C@H]1[C@H](O)CO)OCCCN(C)C)OC(C)(C)O2,4.07
OC(=O)Cc1ccccc1Nc2c(Cl)cccc2Cl,1.4
C[C@@H](C(=O)N)NCc1ccc(cc1)OCc2cccc(c2)F,21.67
C[C@@H](CN1CC(=O)NC(=O)C1)N2CC(=O)NC(=O)C2,2.5
CC1=C2C(=C(N(C1=O)C)NC3=C(C=C(C=C3)I)F)C(=O)N(C(=O)N2C4=CC=CC(=C4)NC(=O)C)C5CC5,229.0
CCC1(C(=O)NC(=O)NC1=O)c2ccccc2,99.0
CCN1CCN(C(=O)N[C@@H](C(=O)N[C@H]2[C@H]3SCC(=C(N3C2=O)C(=O)O)CSc4nnnn4C)c5ccc(O)cc5)C(=O)C1=O,1.8
O=C2N1/C(=C(\CS[C@@H]1[C@@H]2NC(=O)[C@@H](c3ccc(O)cc3)NC(=O)C\4=C\N\C(=C/C/4=O)C)CSc5nnnn5C)C(=O)O,5.4
c1c(csc1COc2c3c(nc[nH]3)nc(n2)N)Br,2.92
c12c(c[nH]c1nc(N)[nH]c2=O)CCc1ccc(C(N[C@H](CCC(=O)O)C(=O)O)=O)cc1,1.85
C[C@@H](O)[C@@H]1[C@H]2CC(=C(N2C1=O)C(=O)O)S[C@H]3CCN(C3)C(=N)C,0.96
Cc1nnc2CN=C(c3ccccc3Cl)c4cc(Br)sc4n12,4.8
Nc1ccc(cc1)S(=O)(=O)c2ccc(N)cc2,22.0
CCN1CCC[C@H]1CNC(=O)c2c(OC)ccc(Br)c2OC,5.5
C(=O)([O-])C(=C1\[C@@H](OC(=O)C)C[C@@]2([C@@]3(CC[C@H]4[C@@H]([C@@H](CC[C@@]4(C)[C@@H]3[C@H](O)C[C@@H]12)O)C)C)C)\CC\C=C(\C)C,9.8
C1C[N@@]([C@@H](C1)CNC(c1c(cc(c(c1)S(NC)(=O)=O)N)OC)=O)CC=C,4.8
NC[C@H]1O[C@H](O[C@@H]2[C@@H](N)C[C@@H](N)[C@H](O)[C@H]2O[C@@H]3O[C@H](CO)[C@@H](O)[C@H]3O)[C@H](N)[C@@H](O)[C@@H]1O,2.5
c1ccc(cc1)[C@H](C(=O)O)NC(=O)[C@H](CS(=O)(=O)CCOP(=O)(N(CCCl)CCCl)N(CCCl)CCCl)NC(=O)CC[C@@H](C(=O)O)N,0.28
C[C@@H](c1ccc2cc(ccc2c1)OC)C(=O)O,16.63
COc1ccc2nccc([C@H](O)[C@H]3C[C@@H]4CCN3C[C@@H]4C=C)c2c1,6.6
C1CCN(CC1)C2(CCCCC2)c3ccccc3,16.0
CSCO[C@H]1C[C@H]2OC[C@@]2(OC(=O)C)[C@H]3[C@H](OC(=O)c4ccccc4)[C@]5(O)C[C@H](OC(=O)[C@H](O)[C@@H](NC(=O)c6ccccc6)c7ccccc7)C(=C([C@@H](OC(=O)C)C(=O)[C@]13C)C5(C)C)C,32.0
C[C@@H]1C(=O)O[C@H]2C[C@@]34[C@H]5C[C@@H](C(C)(C)C)C36[C@@H](OC(=O)[C@@H]6O)OC4(C(=O)O5)[C@@]12O,3.8
CCC(=O)OCC(=O)[C@@]1(OC(=O)CC)[C@@H](C)C[C@H]2[C@@H]3CCC4=CC(=O)C=C[C@]4(C)[C@@]3(Cl)[C@@H](O)C[C@]12C,0.5
O=C(C(C(Cl)=CC=C1)=C1C)N[C@H](C(O)=O)CC2=CC=C(NC(C(C(Cl)=CN=C3)=C3Cl)=O)C=C2,3.3
[H]N(C1CCC(CC1)C(=O)O[H])C(C1(CCCC1)CC[C@@H](COCOC)C(=O)O[H])=O,16.0
c1(c(c(cc(c1O)Cl)Cl)OC)C(=O)NC[C@H]1N(CCC1)CC,14.0
CS(=O)(=O)OCCCCOS(=O)(=O)C,3.4
CCN[C@@H](C)Cc1cccc(c1)C(F)(F)F,14.0
C[C@]12CC[C@H]3[C@@H](CCc4cc(O)ccc34)[C@@H]1CC[C@@]2(O)C#C,9.7
Nc1n[n+]([O-])c2ccccc2[n+]1[O-],0.78
[H]N([H])C(C12CC[N+](CC1)(CC2)CC1CSC2[C@@H](C(N2C=1C(=O)O[H])=O)N([H])C(C(c1nc(N([H])[H])sn1)=NOC)=O)=O,2.2
COc1cc2CC[N+](C)(CCCOC(=O)CC\C=C\CCC(=O)OCCC[N+]3(C)CCc4cc(OC)c(OC)cc4C3Cc5cc(OC)c(OC)c(OC)c5)C(Cc6cc(OC)c(OC)c(OC)c6)c2cc1OC,0.83
c1(c(cc(c(=O)[nH]1)C#N)c1ccc2n(c1)ccn2)C,1.13
OC(=O)C(Cl)Cl,0.65
COc1cc(NC(C)CCCN)c2ncccc2c1,7.1
C[C@@H]1C[C@H]2C3C[C@@H](C4=CC(=O)C=C[C@@]4([C@]3([C@H](C[C@@]2([C@]1(C(=O)SCF)OC(=O)c5ccco5)C)O)F)C)F,10.6
c1ccc(cc1)COCC[N+]23CCC(CC2)(CC3)C(c4ccccc4)(c5ccccc5)O,19.0
CN(C)CCCNC(=O)\C(=C\CCCCC(=O)NO)\COc1cccc2ccccc12,2.1
c1(c2c(cccc2)[nH]c1)C[C@@H]1NC(=O)[C@@H](Cc2ccc(O)cc2)NC([C@@H](CSSC[C@@H](NC([C@@H](NC([C@@H](NC1=O)CCCCN)=O)C(C)C)=O)C(N[C@@H]([C@@H](C)O)C(=O)N)=O)NC(=O)[C@@H](N)Cc1ccc2c(c1)cccc2)=O,1.03
n1(cc(c(c2cc(c(c(c12)OC(F)F)N1C[C@@H](NCC1)C)F)=O)C(=O)O)C1CC1,5.9
CCOC(=O)N[C@@H]1CC[C@@H]2[C@@H](C1)C[C@@H]3[C@@H]([C@@H](C)OC3=O)[C@H]2\C=C\c4ccc(cn4)c5cccc(F)c5,149.0
NC(=O)CN1CC(O)CC1=O,7.5
CCCCCOc1ccc(cc1)c2ccc(cc2)c3ccc(cc3)C(=O)N[C@H]4C[C@@H](O)[C@@H](O)NC(=O)[C@@H]5[C@@H](O)[C@@H](C)CN5C(=O)[C@@H](NC(=O)C(NC(=O)[C@@H]6C[C@@H](O)CN6C(=O)C(NC4=O)[C@@H](C)O)[C@H](O)[C@@H](O)c7ccc(O)cc7)[C@@H](C)O,40.0
COc1cccc(OC)c1C(=O)N[C@H]2[C@H]3SC(C)(C)[C@@H](N3C2=O)C(=O)O,0.64
CC[C@@H](CO)NCCN[C@@H](CC)CO,3.1
[C@@]12([C@H]([C@H]3[C@H](C(=C)C2)[C@@H]2C(=CC(=O)CC2)CC3)CC[C@]1(C#C)O)CC,25.0
ClCCN(CCCl)P1(=O)NCCCO1,8.0
CN(=O)(C)CCCN1c2ccccc2CCc3ccccc13,1.8
Nc1ncnc2c1ncn2CCOCP(=O)(O)O,1.6
C[C@H]1O[C@H]([C@H](O)[C@@H]1O)N2C=C(F)C(=O)NC2=O,0.35
CN(C)C(=O)Oc1ccc[n+](C)c1,1.5
CC[N+](C)(C)c1cccc(O)c1,1.8
C[C@@H](O[C@H]1OCCN(CC2=NNC(=O)N2)[C@H]1c3ccc(F)cc3)c4cc(cc(c4)C(F)(F)F)C(F)(F)F,13.0
CCOC(=O)c1ncn2c1CN(C)C(=O)c3cc(F)ccc23,0.78
COc1ccc(CCN(C)CCCC(C#N)(C(C)C)c2ccc(OC)c(OC)c2)cc1OC,2.8
s1cnnc1SCC1=C(N2C(=O)[C@H]([C@H]2SC1)NC(Cn1nnnc1)=O)C(=O)O,0.64
CC1Nc2cc(Cl)c(cc2C(=O)N1c3ccccc3C)S(=O)(=O)N,20.0
[H]N(C([C@@H](c1ccccc1)N([H])C(c1c(C(=O)O[H])ncn1[H])=O)=O)[C@@H]1C2N(C(=C(C[n+]3ccc(CCS(=O)(=O)O[H])cc3)CS2)C(=O)O[H])C1=O,1.8
OP(=O)(O)OC(Cn1cncn1)(Cn2cncn2)c3ccc(F)cc3F,2.1
C(CO[N+](=O)[O-])(CO[N+](=O)[O-])O[N+](=O)[O-],4.5
CC1=C(N2[C@H](SC1)[C@H](NC(=O)[C@H](N)c3ccccc3)C2=O)C(=O)O,0.57
C[C@@H]([C@@H](O)c1ccc(O)cc1)N2CCC(O)(CC2)c3ccccc3,3.7
N1(C)C([C@H](NC([C@@H](NC(CNC([C@H](CCCNC(N)=N)NC([C@@H]1C(C)C)=O)=O)=O)CC(=O)O)=O)Cc1ccccc1)=O,3.6
C[C@H](C1=C(CCN(C)C)Cc2ccccc12)c1cnccn1,11.0
CCOc1ccccc1O[C@@H]([C@H]2CNCCO2)c3ccccc3,10.0
CCN(CC)CC#CCOC(=O)C(O)(C1CCCCC1)c2ccccc2,7.2
CC(CCCC(C)(C)O)N,2.5
c1(ccccc1)[C@@](O)(C1CCCC1)CO[C@@H]1CN2CCC1CC2,15.73
CN(C(=O)C)c1c(I)c(NC(=O)C)c(I)c(C(=O)O)c1I,1.3
CC[C@H](C)[C@H](NC(=O)[C@H](CCCNC(=N)N)NC(=O)[C@H](CC(=O)O)NC(=O)[C@H](CCSC)NC(=O)[C@H](CCCCN)NC(=O)[C@H](CCCNC(=N)N)NC(=O)CNC(=O)[C@H](CC(C=CC=C1)=C1)NC(=O)[C@H](CSSC[C@H](NC(=O)CNC(=O)[C@H](CC(C)C)N1)C(=O)N[C@@H](CCCCN)C(=O)N[C@H](C(=O)N[C@@H](CC(C)C)C(=O)N[C@@H](CCCNC(=N)N)C(=O)N[C@@H](CCCNC(=N)N)C(=O)N[C@@H](CC(=CNC2)N=2)C(=O)O)C(C)C)NC(=O)CNC(=O)[C@H](CO)NC(=O)CNC(=O)[C@H](CCC(N)=O)NC(=O)[C@@H](NC(=O)[C@H](CCSC)NC(=O)[C@H](CCCCN)NC(=O)[C@H](CCC2)N2C(=O)[C@@H](N)CO)C(C)C)C(N[C@H](C(N[C@H](C(N[C@H](C(N[C@H](C(NCC1=O)=O)CO)=O)CO)=O)CO)=O)CO)=O,0.3
Cn1c(nnn1)SCC2=C(N3[C@@H]([C@@H](C3=O)NC(=O)/C(=N/OCC(=O)O)/c4cc[nH]n4)SC2)C(=O)O,1.33
CC(C)NCC(O)c1ccc(NS(=O)(=O)C)cc1,6.3
[C@@H](O)(c1ccc(c2c1ccc(=O)[nH]2)O)CNC1Cc2c(C1)cc(c(c2)CC)CC,92.5
CCCCc1ncc(\C=C(/Cc2cccs2)\C(=O)O)n1Cc3ccc(cc3)C(=O)O,2.1
OCC(CO)NN1C(=O)c2c(C1=O)c3c4ccc(O)cc4n([C@@H]5O[C@H](CO)[C@@H](O)[C@H](O)[C@H]5O)c3c6[nH]c7cc(O)ccc7c26,4.01
C[C@@]12[C@@H]([C@]3(C)[C@@H](CC2)C(C)(C)[C@H](CC3)O[C@H]2[C@H](O[C@@H]3O[C@H](CO)[C@H]([C@@H]([C@H]3O)O)O)[C@@H](O)[C@@H]([C@H](O2)CO)O)C[C@H]([C@H]2[C@@]1(C)CC[C@@H]2[C@@](O[C@@H]1O[C@H](CO)[C@H]([C@@H]([C@H]1O)O)O)(CCC=C(C)C)C)O,18.5
COC(=O)C1=C(C)NC(=C([C@@H]1c2cccc(c2)N(=O)=O)C(=O)OCCCN3CCC(CC3)(c4ccccc4)c5ccccc5)C,22.0
CC(N)COc1c(C)cccc1C,9.9
Cn1nc(nn1)c2ccc(cn2)c3ccc(cc3F)N4C[C@@H](OC4=O)CO,10.16
OC(CCN1CCCCC1)(C2CC3CC2C=C3)c4ccccc4,24.0
C[C@H](CCC(=O)O)[C@H]1CC[C@H]2[C@@H]3[C@H](O)C[C@@H]4C[C@H](O)CC[C@]4(C)[C@H]3CC[C@]12C,1.42
O1[C@@H](O[C@@H](c2ccccc2)C#N)[C@@H]([C@@H](O)[C@@H]([C@H]1CO[C@@H]1O[C@@H]([C@@H](O)[C@@H]([C@H]1O)O)CO)O)O,1.23
C[C@H]1[C@H](NC(=O)\C(=N/OC(C)(C)C(=O)O)\c2csc(N)n2)C(=O)N1S(=O)(=O)O,1.5
c1ccc2ccccc2c1OC[C@@H](CN1CCN(CC1)c1c(cccc1)OC)O,3.3
COc1ccc(C[C@@H]2c3cc(OC)c(OC)cc3CC[N@+]2(C)CCC(=O)OCCCCCOC(=O)CC[N@@+]4(C)CCc5cc(OC)c(OC)cc5[C@H]4Cc6ccc(OC)c(OC)c6)cc1OC,0.42
c1nccc2C(c3c(C(c12)=O)c(ccc3NCCN)NCCN)=O,13.4
COc1ccc2c(c1)c(CC(=O)O)c(C)n2C(=O)c3ccc(Cl)cc3,1.4
[H]N(C([C@@H](Cc1ccccc1)CS(C(C)(C)C)(=O)=O)=O)[C@@H](Cc1cn([H])cn1)C(N([H])[C@@H](CC1CCCCC1)[C@H](C(C1CC1)O[H])O[H])=O,5.2
NC(=N)NC(=O)Cc1c(Cl)cccc1Cl,15.0
N[C@@H](Cc1ccc(cc1)N(CCCl)CCCl)C(=O)O,1.0
c12c(ccc(c1F)Cl)[nH]c(c2P(=O)(c1cc(cc(c1)/C=C/C#N)C)OC)C(=O)N,7.4
[H]N1CCCc2ccccc2O[C@H](C)CN([H])[C@@H](C2CC2)C(N(C)[C@H](C)C(N([H])[C@H](Cc2ccc(cc2)F)C1=O)=O)=O,11.8
CN1C(=O)N(C)c2ncn(C)c2C1=O,4.9
NCc1ccccc1CC(=O)N[C@H]2[C@H]3SCC(=C(N3C2=O)C(=O)O)CSc4nnnn4CC(=O)O,3.0
N([C@H](C(O)=O)CS)C(N)=N,1.34
NC(=O)c1cc[n+](CC2=C(N3[C@H](SC2)[C@H](NC(=O)[C@@H](c4ccccc4)S(=O)(=O)O)C3=O)C(=O)[O-])cc1,1.64
C(c1ccc(cc1)OC[C@@H](C[N@@](CCC[S@@](=O)CCC)CC)O)#N,2.4
CC[C@H]1OC(=O)[C@H](C)[C@@H](O[C@H]2C[C@@](C)(OC)[C@@H](O)[C@H](C)O2)[C@H](C)[C@@H](O[C@@H]3O[C@H](C)C[C@@H]([C@H]3O)N(C)C)[C@](C)(O)C[C@@H](C)CN(C)[C@H](C)[C@@H](O)[C@]1(C)O,69.0
CC[C@H](C)[C@@H](C(=O)NCC(=O)N[C@@H](C(C)C)C(=O)NCC(=O)N[C@@H](C)C(=O)N1CCC[C@H]1C(=O)N)NC(=O)[C@H](C)NC(=O)[C@H]([C@@H](C)O)NC(=O)[C@H](CCC(=O)N)NC(=O)[C@@H]2CCCN2C(=O)[C@H](Cc3ccccc3)NC(=O)[C@H]([C@@H](C)O)NC(=O)[C@H](Cc4cnc[nH]4)NC(=O)[C@H](Cc5ccccc5)NC(=O)[C@H](CCCCN)NC(=O)[C@H](CC(=O)N)NC(=O)[C@H](Cc6ccccc6)NC(=O)[C@H](CC(=O)O)NC(=O)[C@H](CCC(=O)N)NC(=O)[C@H]([C@@H](C)O)NC(=O)[C@H](Cc7ccc(cc7)O)NC(=O)[C@H]([C@@H](C)O)NC(=O)CNC(=O)[C@H](CC(C)C)NC(=O)[C@H](CCSC)NC(=O)[C@H](CS)NC(=O)[C@H]([C@@H](C)O)NC(=O)[C@H](CO)NC(=O)[C@H](CC(C)C)NC(=O)[C@H](CC(=O)N)NC(=O)CNC(=O)[C@H](CS)N,0.82
CO\N=C(/C(=O)N[C@H]1[C@H]2SCC(=C(N2C1=O)C(=O)O)COC(=O)C)\c3csc(N)n3,1.2
CC(C)C[C@H](NC(=O)[C@@H](CCCNC(=O)N)NC(=O)[C@H](Cc1ccc(O)cc1)NC(=O)[C@H](CO)NC(=O)[C@@H](Cc2cccnc2)NC(=O)[C@@H](Cc3ccc(Cl)cc3)NC(=O)[C@@H](Cc4ccc5ccccc5c4)NC(=O)C)C(=O)N[C@@H](CCCNC(=N)N)C(=O)N6CCC[C@H]6C(=O)N[C@H](C)C(=O)N,12.0
CCS(=O)(=O)CCn1c(C)ncc1N(=O)=O,13.0
c1(ccc(cc1)CCCCCCCC)CCC(CO)(N)CO,144.0
COc1ccc2[nH]c(nc2c1)S(=O)Cc3ncc(C)c(OC)c3C,0.58
CC(C)(C)c1cc(cc(c1OC)c2ccc3cc(ccc3c2)NS(=O)(=O)C)n4ccc(=O)[nH]c4=O,5.7
CC(CC(c1ccccc1)c2ccccc2)NC(C)(C)C,56.0
OC(=O)CCC(=C(C)C1C2)C(N=1)=CC(=C(CCC(OC)=O)C(C)=C1C=C(N3)C(=C(C=3C=C3C([C@@](C=2N3)(C)[C@H](C(=O)OC)C(=C2)C(=O)OC)=C2)C)C=C)N1,6.06
C[C@@](O)(\C=C\[C@H]1CC=CC(=O)O1)[C@@H](C[C@@H](O)\C=C/C=C\C=C\CO)OP(=O)(O)O,1.5
CNS(=O)(=O)CCc1ccc2[nH]cc(C3CCN(C)CC3)c2c1,6.6
CN1CC[C@@H]([C@H](O)C1)c2c(O)cc(O)c3C(=O)C=C(Oc23)c4ccccc4Cl,5.2
C(C(C)(c1ccc(cc1)CCN1CCC(CC1)c1nc2c(n1CCOCC)cccc2)C)(=O)O,5.16
COc1nc(N)nc2c1ncn2[C@@H]3O[C@H](CO)[C@@H](O)[C@@H]3O,0.5
O=C1CN(\N=C\c2oc(cc2)N(=O)=O)C(=O)N1,0.97
COc1cc(cc(OC)c1O)[C@H]2[C@@H]3[C@H](COC3=O)[C@H](O[C@@H]4O[C@@H]5CO[C@@H](C)O[C@H]5[C@H](O)[C@H]4O)c6cc7OCOc7cc26,5.7
"C([C@@H](NC([C@@H](NC([C@@H](NC([C@@H](NC([C@@H](NC([C@@H](Cc1ccc(O)cc1)N)=O)C)=O)CC(O)=O)=O)C)=O)[C@@H](CC)C)=O)C(N[C@@H](C(N[C@@H](C(N[C@@H](C(N[C@@H](Cc1ccc(O)cc1)C(N[C@@H](C(N[C@@H](C(N[C@@H](C(N[C@@H](C(NCC(N[C@@H](C(N[C@@H](C(N[C@@H](C(N[C@@H](C(N[C@@H](C(N[C@@H](C(N[C@@H](C(N[C@@H](C(N[C@@H](C(N[C@@H](C(N[C@@H](C(N[C@@H](C(N[C@@H](C(N[C@@H](CCCNC(N)=N)C(N)=O)=O)CO)=O)CCSC)=O)[C@@H](CC)C)=O)CC(O)=O)=O)CCC(N)=O)=O)CC(C)C)=O)CC(C)C)=O)CCCCN)=O)CCCNC(N)=N)=O)C)=O)CO)=O)CC(C)C)=O)CCC(N)=O)=O)=O)CC(C)C)=O)C(C)C)=O)CCCCN)=O)CCCNC(N)=N)=O)=O)CO)=O)CC(N)=O)=O)[C@@H](C)O)=O)c1ccccc1
",0.19
N12[C@H](C(S[C@@H]2[C@](C1=O)(OC)NC(=O)[C@@H](c1cscc1)C(=O)O)(C)C)C(=O)O,4.1
n1(nnnc1SCC1=C(N2[C@H](OC1)[C@@](C2=O)(OC)NC(=O)CSC(F)F)C(O)=O)CCO,0.6
CCC(=O)O[C@H](CC(=O)[O-])C[N+](C)(C)C,1.28
CC(CN1CCN(CC1)CCOCCO)CN2c3ccccc3Sc4c2cccc4,3.11
c1(N(CC)CC)cc2oc(C(Nc3ccc4c(c3)cc([nH]4)C(N3C[C@H](c4c5c([nH]cc5C)c(OC(=O)Nc5ccccc5)cc34)CCl)=O)=O)cc2cc1,0.48
COc1cccc(OCCCN)c1c2cc(Nc3cnc(cn3)C#N)n[nH]2,12.54
CC(C)([C@H](C(=O)O)N)S,3.04
c12c3c([C@@]4(O[C@@H](O3)[C@@H](O)[C@@H]([C@@H]4O)N(C)C)C)cc(c1C(c1c(c3[C@@H](C[C@@](Cc3cc1C2=O)(C)O)OC)O)=O)O,13.22
C[C@H](O)C(=O)Nc1c(I)c(C(=O)NC(CO)CO)c(I)c(C(=O)NC(CO)CO)c1I,2.1
O1C([C@@](c2cc3n(c(c2C1)=O)Cc1c2c4c(cc(c(c4CC[C@@H]2N)C)F)nc31)(CC)O)=O,6.7
c1(ccccc1)C[C@H](C)N,7.3
c12c(ccc(o1)=O)cccc2,0.8
c12[C@@]3([C@@H](N(C)c1ccc(c2)OC(NC)=O)[N@@](C)CC3)C,1.0
COC(=O)[C@H]1[C@H](C[C@@H]2CC[C@H]1N2C)OC(=O)c3ccccc3,0.76
C(C(=O)N[C@H]1[C@H](Oc2c3cc4[C@H](C(N[C@@H]5c6cc(c7c([C@@H](NC([C@H]([C@@H](c8cc(c(O3)cc8)Cl)O[C@H]3[C@@H]([C@H]([C@H](O)[C@H](O3)CO)O)NC(C)=O)NC5=O)=O)C(=O)O)cc(O)cc7O[C@H]3O[C@@H]([C@@H](O)[C@@H]([C@@H]3O)O)CO)c(cc6)O)=O)NC([C@@H]3c5cc(Oc6cc(ccc6O)[C@@H](C(N[C@@H](C(N3)=O)Cc3cc(c(Oc2c4)cc3)Cl)=O)N)cc(c5)O)=O)O[C@@H]([C@H](O)[C@@H]1O)CO)C\C=C/CCCCC,48.1
C[C@H](Cn1cnc2c(N)ncnc12)OCP(=O)(O)O,5.8
CN([C@@H]1CCCC[C@H]1N2CCCC2)C(=O)Cc3cccc4c3ccs4,5.5
COc1ccc(cc1OC2CCCC2)[C@@]3(CC[C@H](CC3)C(=O)O)C#N,7.9
c12c(ccc(c1)Cl)[nH]c(c2P(=O)(c1cc(cc(c1)/C=C/C#N)C)OC)C(=O)N,4.4
c1c(cccc1\C=C\C(NO)=O)S(=O)(=O)Nc1ccccc1,1.6
OC(=O)CN1C(=O)C(=O)Nc2cc(c(cc12)n3ccnc3)N(=O)=O,0.78
CN1CCN(CCCN2c3ccccc3Sc4ccc(Cl)cc24)CC1,9.0
c1c2OCCc2c2[C@H](CCNC(CC)=O)CCc2c1,1.9
CN(C)[C@H]1[C@@H]2C[C@@H]3Cc4c(cc(NC(=O)CNC(C)(C)C)c(O)c4C(=O)C3=C(O)[C@]2(O)C(=O)C(=C1O)C(=O)N)N(C)C,48.0
CCCCCOc1ccc(cc1)c2onc(c2)c3ccc(cc3)C(=O)N[C@H]4C[C@@H](O)[C@@H](O)NC(=O)[C@@H]5[C@@H](O)[C@@H](C)CN5C(=O)[C@@H](NC(=O)C(NC(=O)[C@@H]6C[C@@H](O)CN6C(=O)C(NC4=O)[C@@H](C)O)[C@H](O)[C@@H](O)c7ccc(O)c(OS(=O)(=O)O)c7)[C@H](O)CC(=O)N,16.0
CNC(=O)c1ccccc1Sc2ccc3c(c2)[nH]nc3/C=C/c4ccccn4,4.3
CCN(CC)CCOC(=O)C(Cc1cccc2c1cccc2)CC3CCCO3,1.35
CC(C)(O)[C@@H]1CC[C@@](C)(O1)[C@H]2[C@@H](O)C[C@@]3(C)[C@@H]4C[C@H](O[C@@H]5O[C@H](CO)[C@@H](O)[C@H](O)[C@H]5O)[C@H]6C(C)(C)[C@H](CC[C@@]67C[C@@]47CC[C@]23C)O[C@@H]8OC[C@@H](O)[C@H](O)[C@H]8O,2.65
CC(C)[C@@H]1CC[C@H](CC1)C(=O)N[C@H](Cc2ccccc2)C(=O)O,1.5
Cc1ncsc1CCCl,4.5
n1(c2c(nc1)[C@@H](CNC=N2)O)[C@@H]1O[C@H]([C@@H](C1)O)CO,5.3
CC[C@H]1OC(=O)[C@H](C)[C@@H](O[C@H]2C[C@@](C)(OC)[C@@H](O)[C@H](C)O2)[C@H](C)[C@@H](O[C@@H]3O[C@H](C)C[C@@H]([C@H]3O)N(C)C)[C@@](C)(C[C@@H](C)C(=O)[C@H](C)[C@@H](O)[C@]1(C)O)OC,2.8
c12c([nH]c(n1)[S@@](Cc1c(c(c(C)cn1)OC)C)=O)ccc(c2)OC,0.83
CCN(CC)CCNC(=O)c1cc(Cl)c(N)cc1OC,7.2
CNC1=O[Gd+3]234567N(CCN2(C1)CC(=O)[O-]3)(CCN4(CC(=O5)NC)CC(=O)[O-]6)CC(=O)[O-]7,1.46
CO[C@H]1\C=C\O[C@@]2(C)Oc3c(C)c(O)c4C(=O)C(=C5NC6(CCN(CC(C)C)CC6)N=C5c4c3C2=O)NC(=O)\C(=C\C=C\[C@H](C)[C@H](O)[C@@H](C)[C@@H](O)[C@@H](C)[C@H](OC(=O)C)[C@@H]1C)\C,37.0
C#CC[C@H](Cc1cnc2c(n1)c(nc(n2)N)N)c3ccc(cc3)C(=O)N[C@@H](CCC(=O)O)C(=O)O,15.0
c1c(cc2[nH]c(n3C[C@@H]([N@@](Cc1c23)C\C=C(\C)C)C)=S)Cl,25.96
Ic1cc(F)c(Nc2c(C(=O)NC[C@H](O)CO)ccnc2)cc1,4.59
c1cc(nc(c1)C(=O)O)Cc2cc(ccc2OCc3ccc(cc3F)Cl)Cl,8.15
Cc1cc(c(cc1C(=O)NC(=N)N)S(=O)(=O)C)n2cccc2,2.2
c12c3C(N(CCN(C)C)C(c1cccc2cc(c3)N)=O)=O,4.78
"C[C@@H](Cc1ccccc1)NC(=O)[C@H](CCCCN)N
",1.2
CCC(=O)N(C1CCN(CCc2ccccc2)CC1)c3ccccc3,3.0
c1ccc([C@H]2Oc3cc(O)cc(c3C(C2)=O)O)cc1,0.7
O[C@@H]([C@@H]([C@@H](CO)O)O)[C@@H](CO)O,4.7
C1CC[C@H]2[C@H](C1)N[Pt+2]3(N2)[O-]C(=O)C(=O)[O-]3,58.92
Oc1ccc2c(Oc3cc(O)ccc3C24OC(=O)c5ccccc45)c1,1.6
[H]OCCN1CCN(CCCN2c3ccccc3Sc3ccc(cc23)C(F)(F)F)CC1,12.3
C(N1CCN(c2nc(nc(n2)NCC=C)NCC=C)CC1)(c1ccc(F)cc1)c1ccc(F)cc1,1344.0
Cc1ccc(cc1NC(=O)c2cccc(NC(=O)Nc3cccc(c3)C(=O)Nc4cc(ccc4C)C(=O)Nc5ccc(c6cc(cc(c56)S(=O)(=O)O)S(=O)(=O)O)S(=O)(=O)O)c2)C(=O)Nc7ccc(c8cc(cc(c78)S(=O)(=O)O)S(=O)(=O)O)S(=O)(=O)O,1200.0
CCCCCCCCCCCCCCCC(=O)N[C@@H](CCC(=O)NCCCC[C@@H](C(=O)N[C@@H](CCC(=O)O)C(=O)N[C@@H](Cc1ccccc1)C(=O)N[C@@H]([C@@H](C)CC)C(=O)N[C@@H](C)C(=O)N[C@@H](Cc2c[nH]c3c2cccc3)C(=O)N[C@@H](CC(C)C)C(=O)N[C@@H](C(C)C)C(=O)N[C@@H](CCCNC(=N)N)C(=O)NCC(=O)N[C@@H](CCCNC(=N)N)C(=O)NCC(=O)O)NC(=O)[C@H](C)NC(=O)[C@H](C)NC(=O)[C@H](CCC(=O)N)NC(=O)CNC(=O)[C@H](CCC(=O)O)NC(=O)[C@H](CC(C)C)NC(=O)[C@H](Cc4ccc(cc4)O)NC(=O)[C@H](CO)NC(=O)[C@H](CO)NC(=O)[C@H](C(C)C)NC(=O)[C@H](CC(=O)O)NC(=O)[C@H](CO)NC(=O)[C@H]([C@@H](C)O)NC(=O)[C@H](Cc5ccccc5)NC(=O)[C@H]([C@@H](C)O)NC(=O)CNC(=O)[C@H](CCC(=O)O)NC(=O)[C@H](C)NC(=O)[C@H](Cc6cnc[nH]6)N)C(=O)O,8.1
CN[C@@H]1[C@@H](O)[C@@H](O[C@@H]2[C@@H](O)[C@H](O[C@H]3O[C@H](CN)[C@@H](O)[C@H](O)[C@H]3O)[C@@H](N)C[C@H]2NC(=O)[C@@H](O)CN)OC[C@]1(C)O,24.0
C1CCN2[C@@H](C1)C(=O)O[C@@H](CC(=O)[C@@H](C=C([C@H]([C@H](C(=O)[C@@H](C[C@@H](C=CC=CC=C([C@H](C[C@@H]1CC[C@H]([C@](C(=O)C2=O)(O1)O)C)OC)C)C)C)OC)O)C)C)[C@H](C)C[C@@H]1CC[C@H]([C@@H](C1)OC)OP(=O)(C)C,46.3
C[C@@H]([C@@](O)(Cn1cncn1)c2ccc(F)cc2F)S(=O)(=O)C,49.0
CCOC(=O)C1(CCN(C)CC1)c2ccccc2,7.9
Cc1nnc2CN=C(c3ccccc3)c4cc(Cl)ccc4n12,12.0
C1[C@@H]([C@@]1(C(=O)N(CC)CC)c1ccccc1)CN,6.48
c1(c(ccc(c1)OC)OC)[C@@H](CNC(CN)=O)O,0.6
"CC(=O)Oc1ccc2c3c1O[C@@H]4[C@]35CC[N@@]([C@H](C2)[C@@H]5C=C[C@@H]4OC(=O)C)C
",0.062
CC1=C(C=C(C=C1F)C(=O)NC1CC1)C1=CC=C(C=N1)C(=O)NCC(C)(C)C,6.95
CN[C@H](CC(C)C)C(=O)N[C@@H]1[C@H](O)c2ccc(Oc3cc4cc(Oc5ccc(cc5Cl)[C@@H](O[C@H]6C[C@](C)(N)[C@@H](O)[C@H](C)O6)[C@@H]7NC(=O)[C@H](NC(=O)[C@@H]4NC(=O)[C@H](CC(=O)N)NC1=O)c8ccc(O)c(c8)c9c(O)cc(O)cc9[C@H](NC7=O)C(=O)O)c3O[C@@H]%10O[C@H](CO)[C@@H](O)[C@H](O)[C@H]%10O[C@H]%11C[C@](C)(NCc%12ccc(cc%12)c%13ccc(Cl)cc%13)[C@@H](O)[C@H](C)O%11)c(Cl)c2,96.2
NCC[C@H](O)C(=O)N[C@@H]1C[C@H](N)[C@@H](O[C@H]2O[C@H](CN)[C@@H](O)[C@H](O)[C@H]2O)[C@H](O)[C@H]1O[C@H]3O[C@H](CO)[C@@H](O)[C@H](N)[C@H]3O,2.4
CC(=O)O[C@H]1C[C@@H]2CC[C@@H]3[C@H](CC[C@@]4(C)[C@H]3C[C@@H]([C@@H]4OC(=O)C)[N+]5(C)CCCCC5)[C@@]2(C)C[C@@H]1N6CCCCC6,1.4
c12n(C)c(CCCC(=O)O)nc1cc(N(CCCl)CCCl)cc2,0.41
COc1cc(OC)c(C(=O)CCCN2CCCC2)c(OC)c1,3.3
N\N=C\1/NN=C2CCN(CC2=C1)C(=O)c3ccccc3,5.6
c12[C@H]3[N@@](C[C@@H]4CC[C@@H]([C@@H]([C@@H]4C3)C(OC)=O)O)CCc1c1ccccc1[nH]2,1.5
COc1c(N2CCNC(C)C2)c(F)cc3C(=O)C(=CN(C4CC4)c13)C(=O)O,10.0
COCCOC(=O)C1=C(C)NC(=C(C1c2cccc(c2)N(=O)=O)C(=O)OC(C)C)C,1.3
CC([N@+]1([C@@H]2C[C@@H](C[C@@H]1CC2)OC(=O)[C@@H](C3CCCC3)c4ccccc4)C)C,3.3
[N]1(CC(=O)[O-])([Gd+3]2[N@@](CC1)(CC[N@@]2([C@@H](C([O-])=O)COCc1ccccc1)CC(=O)[O-])CC([O-])=O)CC(=O)[O-],1.81
c1ccc(cc1)C[C@H]2C(=O)N[C@H](C(=O)N[C@H](C(=O)N[C@@H](CSSC[C@@H](C(=O)N[C@H](C(=O)N2)Cc3ccc(cc3)O)NC(=O)CNC(=O)CNC(=O)CN)C(=O)N4CCC[C@H]4C(=O)N[C@@H](CCCCN)C(=O)NCC(=O)N)CC(=O)N)CCC(=O)N,0.9
C[C@@H](O)[C@@H]1[C@H]2SC(=C(N2C1=O)C(=O)O)SCCOC(=O)N,0.8
CN1CC[C@]23[C@H]4Oc5c(O)ccc(C[C@@H]1[C@@H]2C=C[C@@H]4O)c35,2.0
COc1ccccc1Oc2c(NS(=O)(=O)c3ccc(cn3)C(C)C)nc(nc2OCCO)c4ccnc(c4)c5nnn[nH]5,3.8
COc1ccc(cc1)[C@@H]2Sc3ccccc3N(CCN(C)C)C(=O)[C@@H]2OC(=O)C,5.6
CN(C)[C@H]1[C@@H]2C[C@@H]3Cc4c(cc(CNCC(C)(C)C)c(O)c4C(=O)C3=C(O)[C@]2(O)C(=O)C(=C1O)C(=O)N)N(C)C,15.0
CCCN1C(=O)NC(=O)c2nc[nH]c12,1.8
CCC(C)N1N=CN(C1=O)c2ccc(cc2)N3CCN(CC3)c4ccc(OCC5COC(Cn6cncn6)(O5)c7ccc(Cl)cc7Cl)cc4,25.0
C([C@@H](CO)O)O[N+](=O)[O-],2.5
CCN1CCN(C(=O)N[C@H]([C@H](C)O)C(=O)N[C@@]2(OC)[C@H]3SCC(=C(N3C2=O)C(=O)O)CSc4nnnn4C)C(=O)C1=O,1.9
[C@@H]12c3n4c5c(c3CCN2CCC[C@]1(C=C4C(=O)OCC)CC)cccc5,4.83
n1(c(=O)n(c(=O)cc1NCC[N@@](CCCc1ccc(cc1)[N+](=O)[O-])CCO)C)C,1.52
N1[C@@H](C)CN(CC1)c1c(F)cc2c(c(cn(c2c1F)CC)C(O)=O)=O,8.1
CCCCCN(CCCOC)C(=O)C(CCC(=O)O)NC(=O)c1ccc(Cl)c(Cl)c1,5.2
Nc1nc(cs1)\C(=N\OCC(=O)O)\C(=O)N[C@H]2[C@H]3SCC(=C(N3C2=O)C(=O)O)C=C,3.2
c1(N2CCCCC2)cc(n(=O)c(n1)N)N,1.5
OC(=O)C1CCn2c1ccc2C(=O)c3ccccc3,5.1
CCOc1nc2cccc(c2n1Cc3ccc(cc3)c4ccccc4c5[nH]nnn5)C(=O)O,9.7
[H]OC(CCCCON=C(c1cccc(c1)C(F)(F)F)c1cccnc1)=O,7.54
CC[C@@]1(c2cc-3n(c(=O)c2COC1=O)Cc4c3nc5ccc(cc5c4)O)O,1.67
C[C@@H](O)[C@@H]1[C@H]2[C@@H](C)C(=C(N2C1=O)C(=O)[O-])SC3C[n+]4cncn4C3,1.1
OC\C=C\1/O[C@@H]2CC(=O)N2[C@H]1C(=O)O,0.9
C[C@H](CS)C(=O)N1CCC[C@H]1C(=O)O,2.0
C[C@@H]1C[C@H]2[C@@H]3CCC4=CC(=O)C=C[C@]4(C)[C@@]3(F)[C@@H](O)C[C@]2(C)[C@@]1(O)C(=O)CO,3.7
S1(=O)(=O)[C@@H]2[C@H]([C@](C1)(N)C(=O)O)[C@H]2C(=O)O,1.23
O=C1N2[C@H](C(=O)O[C@H]([C@@H](C[C@H]3C[C@@H](OC)[C@@H](CC3)OCCOCC)C)CC(=O)[C@H](C)/C=C(\C)/[C@@H](O)[C@@H](OC)C(=O)[C@@H](C[C@@H](/C=C/C=C/C=C(/[C@H](C[C@H]3O[C@](C1=O)(O)[C@H](C)CC3)OC)\C)C)C)CCCC2,93.9
C1([C@@H]2[C@@]3([C@@]([C@@H]4[C@@H]([C@@]5(CC[C@@H](O[C@@H]6O[C@@H](C)[C@@H]([C@@H](C6)O)O[C@@H]6O[C@@H](C)[C@@H]([C@@H](C6)O)O[C@@H]6O[C@@H](C)[C@@H]([C@@H](C6)O)O)C[C@@H]5CC4)C)CC3)(C[C@@H]2OC(=O)C)O)C)=CC(=O)OC1,51.6
CCC(=O)O[C@@]1([C@H](C)C[C@H]2[C@@H]3C[C@H](F)C4=CC(=O)C=C[C@]4(C)[C@@]3(F)[C@@H](O)C[C@]12C)C(=O)SCF,6.0
C=C(C[C@@H](C(=O)O)NC(=O)C1=CC=C(C=C1)CCC2=CN=C3C(=N2)C(=NC(=N3)N)N)C(=O)O,8.2
CCCCCc1cc(O)c([C@@H]2C=C(C)CC[C@H]2C(=C)C)c(O)c1,23.82
c12c(c(c(C\C=C(\CCC(O)=O)C)c(c1C)OC)O)C(=O)OC2,9.7
CC[C@H](C)C(=O)O[C@H]1C[C@H](O)C=C2C=C[C@H](C)[C@H](CC[C@@H](O)C[C@@H](O)CC(=O)O)[C@@H]12,0.78
N1([C@H](C(=O)N)CC)C(=O)CCC1,8.23
NC(=O)c1ncn(n1)[C@@H]2O[C@H](CO)[C@@H](O)[C@H]2O,45.0
OC1N=C(c2ccccc2)c3cc(Cl)ccc3NC1=O,6.7
c1cc(cc(c1)O)[C@@H]([C@@H]1[C@@H](CCCC1)O)N(C)C,3.85
C1CN(CCN1CCCCc1c[nH]c2c1cc(cc2)C#N)c1cc2c(cc1)oc(c2)C(=O)N	,15.66
Cc1c(ccnc1CS(=O)c2[nH]c3ccc(cc3n2)n4cccc4)OC,3.59
CC(C)(C)C1(O)CC2OC(=O)CC23C(=O)OC4OC(=O)C(O)C134,3.2
[H]N([H])[C@H]1C[C@H](O[C@H]2C[C@@](Cc3c2c(c2C(c4c(cccc4OC)C(c2c3O[H])=O)=O)O[H])(C(CO[H])=O)O[H])O[C@@H](C)[C@H]1I,10.3
COc1cc2nc(nc(N)c2cc1OC)N3CCN(CC3)C(=O)c4occc4,2.0
c12c(C(C(C)=C(C1=O)C\C=C(\CCC[C@@H](CCC[C@@H](CCCC(C)C)C)C)C)=O)cccc2,7.3
CSCCNc1nc(SCCC(F)(F)F)nc2n([C@@H]3O[C@@H]([C@H]([C@H]3O)O)CO[P@@](O[P@@](O)(=O)C(Cl)(P(O)(O)=O)Cl)(O)=O)cnc12,0.14
c1c(c2c(cc1)C(=O)c1c(c(O)c3c(c1O)[C@@H](O)[C@@](O)(CC)C[C@@H]3O[C@@H]1C[C@@H]([C@@H]([C@@H](O1)C)O)N1CCOCC1)C2=O)O,10.7
NCCCNc1ccc2c(CNCCO)nn3c4c(O)ccc(O)c4C(=O)c1c23,32.0
C1CCCC(CC1)NC(P(=O)(O)O)P(=O)(O)O,1.82
CN(CC(=O)N)C(=O)N(CCCl)N=O,1.0
c12[C@@]34[C@H]([C@@H](Cc1ccc(c2)O)[N@](C)CC3)CCCC4,13.5
CCCCCNC(=N)N\N=C\c1c[nH]c2ccc(OC)cc12,11.0
O=C(O[C@H]1CN2CCC1CC2)N3CCc4ccccc4[C@@H]3c5ccccc5,52.0
NC(=N)c1ccc(OCCCCCOc2ccc(cc2)C(=N)N)cc1,25.0
C[C@H](N[C@@H](CCc1ccccc1)C(=O)O)C(=O)N2CCC[C@H]2C(=O)O,39.0
c1(c(c(c(Cl)c(n1)OC)OC)Cl)C(Cl)(Cl)Cl,3.8
CN(C)[C@H]1[C@@H]2C[C@@H]3[C@H](O)c4c(Cl)ccc(O)c4C(=O)C3=C(O)[C@]2(O)C(=O)C(=C1O)C(=O)N,12.0
CC[C@@H]1[C@H](N2[C@H]3CC1C4[C@@H]2CC5([C@H]3N(c6c5cccc6)C)[C@@H]4O)O,7.3
CC[C@@H]1NC(=O)[C@H]([C@H](O)[C@H](C)C\C=C\C)N(C)C(=O)[C@H](C(C)C)N(C)C(=O)[C@H](CC(C)C)N(C)C(=O)[C@@H](CC(C)C)N(C)C(=O)[C@@H](C)NC(=O)[C@H](C)NC(=O)[C@H](CC(C)C)N(C)C(=O)[C@@H](NC(=O)[C@H](CC(C)C)N(C)C(=O)CN(C)C1=O)C(C)C,7.3
c12c(c(c(C(O)=O)cn1NC)=O)cc(F)c(c2)N1CCN(C)CC1,4.66
C\C=C\C[C@@H](C)C(=O)[C@@H]1N(C)C(=O)[C@H](C(C)C)N(C)C(=O)[C@H](CC(C)C)N(C)C(=O)[C@@H](CC(C)C)N(C)C(=O)[C@@H](C)NC(=O)[C@H](C)NC(=O)[C@H](CC(C)C)N(C)C(=O)[C@@H](NC(=O)[C@H](CC(C)C)N(C)C(=O)CN(C)C(=O)[C@@H](NC1=O)C(C)C)C(C)C,10.0
CC1(C)O[C@@H]2C[C@H]3[C@@H]4CCC5=CC(=O)C=C[C@]5(C)[C@@]4(F)[C@@H](O)C[C@]3(C)[C@@]2(O1)C(=O)CO,2.4
c1ccc(cc1)C(Cc2ccccn2)N,10.4
c1c(c(=O)[nH]c(=O)n1C2CCCO2)F,8.69
[H]N1C[C@@H](C[C@H]1CN([H])S(N([H])[H])(=O)=O)SC1=C(C(=O)O[H])N2C([C@@H]1C)[C@@H](C2=O)[C@H](C)O[H],1.2
C(CCC(NCCCCCN(C(C)=O)O)=O)(N(CCCCCNC(CCC(N(CCCCCN)O)=O)=O)O)=O,3.05
S(=O)(=O)(OC[C@@H]([C@H](COS(=O)(=O)C)O)O)C,1.83
[C@@H]12[C@@H]([C@@]3(C(=CC(=O)CC3)CC2)C)CC[C@]2([C@H]1CC[C@@H]2O)C,0.17
C1(C2=C([C@H](C[C@]1([C@H]([C@H]1[C@](C(=O)[C@@H]2OC)([C@H](C[C@@H]2[C@]1(CO2)OC(=O)C)OC)C)OC(=O)c1ccccc1)O)OC(=O)[C@@H]([C@H](c1ccccc1)NC(=O)OC(C)(C)C)O)C)(C)C,74.5
CCc1cccc2cc(oc12)C(O)CNC(C)(C)C,2.3
NS(=O)(=O)c1cc2c(NCNS2(=O)=O)cc1C(F)(F)F,5.2
Cc1cc(C)c2N(C[C@@H]3CC[C@H](CC3)C(=O)O)CCC[C@H](N(Cc4cc(cc(c4)C(F)(F)F)C(F)(F)F)c5nnn(C)n5)c2c1,51.94
N12[C@@H]([C@@H](NC([C@@H](c3ccc(O)cc3)NC([C@@H](CC(NC)=O)N)=O)=O)C2=O)SC(C)(C)[C@@H]1C(O)=O,1.45
CN(C)CCCN1c2ccccc2CCc3cc(O)ccc13,10.0
Cc1c(ccc2c1OC[C@H]([C@H]2c3ccc(cc3)O)c4ccc(cc4)O)O,5.3
[C@@]123[C@@H]([C@@H](C(=C1)OC)OC(=O)[C@](CC(=O)OC)(O)CCCC(O)(C)C)c1c(cc4c(c1)OCO4)CCN2CCC3,9.8
Nc1c(CC(=O)O)cccc1C(=O)c2ccc(Br)cc2,2.6
[H]OC[C@@H](C(=O)OC1C[C@@H]2CC[C@H](C1)[N+]2(C)C(C)C)c1ccccc1,1.64
C[C@]12C[C@H](O)[C@H]3[C@@H](CCC4=CC(=O)C=C[C@]34C)[C@@H]1CC[C@]2(O)C(=O)CO,3.4
CCCC[C@@H]1CC(=O)[C@]2(O)O[C@@H]3[C@@H](NC)[C@@H](O)[C@@H](NC)[C@H](O)[C@H]3O[C@@H]2O1,11.0
C(=O)([C@@H](NC(=O)c1ccc(cc1)NC[C@@H]1N(c2c(=O)nc([nH]c2NC1)N)C=O)CCC(=O)O)O,1.1
CN[C@H](CC(C)C)C(=O)N[C@@H]1[C@H](O)c2ccc(Oc3cc4cc(Oc5ccc(cc5Cl)[C@@H](O)[C@@H]6NC(=O)[C@H](NC(=O)[C@@H]4NC(=O)[C@H](CC(=O)N)NC1=O)c7ccc(O)c(c7)c8c(O)cc(O)cc8[C@H](NC6=O)C(=O)O)c3O[C@@H]9O[C@H](CO)[C@@H](O)[C@H](O)[C@H]9O[C@H]%10C[C@](C)(N)[C@H](O)[C@H](C)O%10)c(Cl)c2,6.5
c1(c[nH]c2c1cccc2)C[C@@H](C(N[C@@H](C(N[C@H](C(=O)N)CCCCN)=O)Cc1ccccc1)=O)NC([C@@H](NC([C@H](NC([C@H](Cc1[nH]cnc1)N)=O)Cc1c[nH]c2c1cccc2)=O)C)=O,2.46
c1c(n2c(n([C@@H](CC)[C@@H](O)C)nc2)=O)ccc(N2CCN(c3ccc(OC[C@@H]4C[C@](OC4)(Cn4cncn4)c4c(cc(cc4)F)F)cc3)CC2)c1,10.6
COCCCN1CCC(CC1)NC(=O)c2cc(c(c3c2OCC3)N)Cl,22.5
CO\N=C(/C(=O)N[C@H]1[C@H]2SCC(=C(N2C1=O)C(=O)O)COC(=O)N)\c3occc3,1.1
C1[C@@]2([C@@H]3[C@@](CC[C@H]2C(C)([C@H](C1)O)C)([C@@]1(C(=CC3)[C@H]2[C@@](CC1)(CC[C@H]([C@@H]2C)C)C(O)=O)C)C)C,4.8
N1([C@H](CC2[C@H]1C2)C#N)C(=O)[C@@H](C12CC3CC(C1)(O)CC(C3)C2)N,7.5
Cl.O=C(N1[C@@H](CCC1)C(=O)NC(C)(C)C)[C@H]1N(CCC1)C(=O)[C@@H](N(C(=O)[C@@H](NC(=O)[C@@H](N(C)C)C(C)C)C(C)C)C)C(C)C,0.57
CCCCNc1cc(cc(c1Oc2ccccc2)S(=O)(=O)N)C(=O)O,1.2
CC(CCc1ccccc1)NCC(O)c2ccc(O)c(c2)C(=O)N,4.4
CC(=O)O[C@H]1[C@H](C[C@H]2[C@@H]3CC[C@H]4C[C@H](O)[C@H](C[C@]4(C)[C@H]3CC[C@]12C)N5CCOCC5)[N+]6(CC=C)CCCC6,1.6
CC(CN(C)C)CN1c2ccccc2CCc3ccccc13,23.0
CN(C)CCNC(=O)c1cccc2c1nc3ccccc3c2,2.08
c1cc(c(cc1Cl)Cl)COC(Cn2ccnc2)c3ccc(cc3Cl)Cl,19.75
"c1cn(c(n1)[N+](=O)[O-])CC(=O)NCC(C(F)(F)F)O
",3.45
CC1=C(CO)C2=C(C)C3(CC3)[C@@](C)(O)C(=O)C2=C1,0.3
CCC/N=C\1/N(C(=O)/C(=C/c2ccc(c(c2)Cl)OC[C@@H](CO)O)/S1)c3ccccc3C,32.9
CC[C@@]1(O)CN2CC[C@H]1C[C@@H]2[C@@H](O)c3ccnc4ccc(OC)cc34,6.7
NCCCC[C@H](NC(=O)[C@@H](Cc1cc(Br)c(O)c(Br)c1)NC(=O)N2CCC(CC2)N3Cc4ccccc4NC3=O)C(=O)N5CCN(CC5)c6ccncc6,2.5
O=C(c1ccccc1)c1sc(cc1)[C@@H](C(=O)O)C,2.1
CC(C)NCC(c1cc(cc(c1)O)O)O,6.41
CN(C)CC\C=C\1/c2ccccc2COc3ccccc13,15.0
CCC(=O)O[C@@](Cc1ccccc1)([C@H](C)CN(C)C)c2ccccc2,18.0
c1cccc2cccc(c12)[C@H](NCCCc1cc(C(F)(F)F)ccc1)C,19.9
NC(=N)Nc1nc(CSCCC(=N)NS(=O)(=O)N)cs1,2.8
CC(C)[C@@H](CC[C@@H](C)[C@H]1CC[C@H]2[C@@H]3[C@H](O)C[C@H]4C[C@H](CC[C@]4(C)[C@H]3CC[C@]12C)NCCCNCCCCN)OS(=O)(=O)O,9.5
COC(c1cnc2C(=C3CCN(CC3)CCc3ccc(cc3)OCc3ccc4ccccc4n3)c3ccccc3CCn12)=O,10.6
C[C@H]1[C@H]([C@H](C[C@@H](O1)O[C@H]2C[C@@](Cc3c2c(c4c(c3O)C(=O)c5cccc(c5C4=N)OC)O)(C(=O)CO)O)N)O,13.8
Cc1onc(c1C(=O)N[C@H]2[C@H]3SC(C)(C)[C@@H](N3C2=O)C(=O)O)c4c(F)cccc4Cl,1.4
CC1(C)S[C@@H]2[C@H](NC(=O)[C@H](N)c3ccc(O)cc3)C(=O)N2[C@H]1C(=O)O,1.1
Clc1ccc2N(C3CCN(CCCN4C(=O)Nc5ccccc45)CC3)C(=O)Nc2c1,7.5
CCCCS(=O)(=O)N[C@@H](Cc1ccc(OCCCCC2CCNCC2)cc1)C(=O)O,1.6
NC1=NC(=O)N(C=N1)[C@@H]2O[C@H](CO)[C@@H](O)[C@H]2O,0.36
C1(C=C[C@@]2(C3=CC[C@@]4([C@H]([C@@H](C[C@@H]4[C@@H]3CCC2=C1)C)C(CN1CCN(CC1)c1nc(nc(c1)N1CCCC1)N1CCCC1)=O)C)C)=O,49.3
CNC(=O)c1c(I)c(NC(=O)C)c(I)c(C(=O)O)c1I,1.3
CO\N=C(/C(=O)N[C@H]1[C@H]2SCC(=C(N2C1=O)C(=O)O)CSc3nc(C)c(CC(=O)O)s3)\c4csc(N)n4,4.2
CCCC(=O)N1CCCN(CC1)c2nc(N)c3cc(OC)c(OC)cc3n2,2.0
CC(C)NCC(O)COc1ccc(COCCOC(C)C)cc1,10.0
Nc1nc(NC2CC2)c3ncn([C@@H]4C[C@H](CO)C=C4)c3n1,1.0
CN(C)CCCN1c2ccccc2CCc3ccc(Cl)cc13,26.0
Sc1nc(N[C@@H]2C[C@H]2c3ccc(F)c(F)c3)c4nnn([C@@H]5C[C@H](OCCO)[C@@H](O)[C@H]5O)c4n1,6.8
CN1C(=C(O)c2ccccc2S1(=O)=O)C(=O)Nc3cc(C)on3,33.0
c1([C@H]2[C@H](C(N(CCN(C)C)c3c(cc(cc3)Cl)S2)=O)OC(C)=O)ccc(OC)cc1,10.6
CNCCC=C1c2ccccc2CCc3ccccc13,30.0
COc1cc2nc(nc(N)c2cc1OC)N(C)CCCNC(=O)C3CCCO3,4.8
CC(CCc1ccc2OCOc2c1)NCC(O)c3ccc(O)c(c3)C(=O)N,11.0
CC1=NS(=O)(=O)c2cc(Cl)ccc2N1,48.0
CN[C@@H]1CCc2[nH]c3ccc(cc3c2C1)C(=O)N,24.0
Cc1ccc(cc1C(c2c(cc(cc2C)C(=O)O)C)O)n3ccnc3,2.37
CN(C)C(=O)c1c(c2cc(ccc2[nH]1)Cl)Cc3cc4c(cc(c(c4o3)OC)OC)Cc5cnc(nc5N)N,44.55
OC[C@@H](O)[C@@H](O)[C@H](O[C@H](C)C(=O)N[C@@H](C)C(=O)N[C@H](CCC(=O)N[C@@H](C)C(=O)NCCOP(O)(=O)OC[C@@H](COC(=O)CCCCCCCCCCCCCCC)OC(=O)CCCCCCCCCCCCCCC)C(N)=O)[C@H](C=O)NC(C)=O,2.05
CCCNC(=O)NS(=O)(=O)c1ccc(Cl)cc1,46.0
O1[C@H]2O[C@@H]([C@@H](O[C@H]3O[C@@H]([C@@H](O[C@H]4O[C@@H]([C@H]([C@H](O)[C@H]4O)O[C@H]4O[C@@H]([C@H]([C@H](O)[C@H]4O)O[C@H]4O[C@@H]([C@@H](O[C@H]5O[C@@H]([C@@H](O[C@H]6O[C@@H]([C@@H]1[C@H](O)[C@H]6O)CO)[C@H](O)[C@H]5O)CO)[C@H](O)[C@H]4O)CO)CO)CO)[C@H](O)[C@H]3O)CO)[C@H](O)[C@H]2O)CO.[*]CCO,1.6
NC1=NC(=O)c2ncn(CCC(CO)CO)c2N1,2.1
CCCCc1nc(Cl)c(CO)n1Cc2ccc(cc2)c3ccccc3c4nnn[nH]4,1.8
CC(=O)N(CC(O)CO)c1c(I)c(C(=O)NCC(O)CO)c(I)c(C(=O)NCC(O)CO)c1I,1.5
OCCN1CCN(CCCN2c3ccccc3Sc4ccc(Cl)cc24)CC1,9.4
COC1=CC=C2C(=CC1=O)[C@H](CCc3cc(OC)c(OC)c(OC)c23)NC(=O)C,58.0
c1c2c(c(c(c1F)N3CC(C3)O)Cl)n(cc(c2=O)C(=O)O)c4c(cc(c(n4)N)F)F,2.1
Cc1onc(c1C(=O)N[C@H]2[C@H]3SC(C)(C)[C@@H](N3C2=O)C(=O)O)c4c(Cl)cccc4Cl,0.88
c1ccc(c(\C=N\NC(N)=S)n1)N,1.9
c1cc(c(c(c1)Cl)COCCOCCCCCCNC[C@@H](c2ccc(c(c2)CO)O)O)Cl,2.4
c1c(cc([n+](n1)c1ccccc1)OC)N,14.1
C(SCCC(=O)O)[C@@H]1[C@H]2O[C@H]3O[C@H](CSCCC(=O)O)[C@H]([C@@H]([C@H]3O)O)O[C@H]3O[C@H](CSCCC(=O)O)[C@H]([C@@H]([C@H]3O)O)O[C@H]3O[C@H](CSCCC(=O)O)[C@H]([C@@H]([C@H]3O)O)O[C@H]3O[C@@H]([C@@H](O[C@H]4O[C@@H]([C@@H](O[C@H]5O[C@@H]([C@@H](O[C@H]6OC([C@@H](O[C@@H](O1)[C@@H]([C@H]2O)O)[C@H](O)[C@H]6O)CSCCC(=O)O)[C@H](O)[C@H]5O)CSCCC(=O)O)[C@H](O)[C@H]4O)CSCCC(=O)O)[C@@H]([C@H]3O)O)CSCCC(=O)O,2.53
C(S(=O)(=O)O)CS,0.36
C(Nc1c(cccc1C)C)([C@H]1[N@@](CCCC)CCCC1)=O,0.79
CC[C@@]1(O)C(=O)OCC2=C1C=C3N(Cc4cc5c(CN(C)C)c(O)ccc5nc34)C2=O,2.3
B1([C@H](CC[C@H](O1)CC(=O)O)NC(=O)Cc2cccs2)O,1.34
c1c(c(cc(c1Cl)N)OCC2CC2)C(=O)NC3CN4CCC3CC4,13.5
C[C@@H]1CN(C[C@H](C)N1)c2c(F)c(N)c3C(=O)C(=CN(C4CC4)c3c2F)C(=O)O,20.0
c1(c(cccc1)OC[C@@H](CNC(C)C)O)OCC=C,1.09
COc1cc2c(CCN[C@]23CS[C@H]4[C@H]5[C@@H]6N(C)[C@@H](Cc7cc(C)c(OC)c(O)c67)[C@H](O)N5[C@@H](COC3=O)c8c9OCOc9c(C)c(OC(=O)C)c48)cc1O,44.0
C([C@H]1N(CCC1)C([C@@H](Cc1ccccc1)N)=O)(=O)N[C@H](C(N1[C@H](C(=O)NCC(=O)NCC(NCC(=O)NCC(=O)N[C@H](C(NCC(=O)N[C@H](C(N[C@H](C(N[C@H](C(N[C@H](C(N[C@H](C(=O)N2[C@@H](CCC2)C(=O)N[C@H](C(N[C@H](C(N[C@@H](Cc2ccc(O)cc2)C(N[C@@H](CC(C)C)C(=O)O)=O)=O)CCC(O)=O)=O)CCC(O)=O)[C@H](CC)C)=O)CCC(O)=O)=O)CCC(O)=O)=O)Cc2ccccc2)=O)CC(O)=O)=O)CC(=O)N)=O)CCC1)=O)CCCNC(N)=N,0.42
O=C([C@H](CSCCCC(N[C@@H](C1=O)CC2=CC=CC=C2)=O)NC([C@@H](NC([C@@](C)(NC([C@@H](N1)CC3=CC=CS3)=O)CC)=O)CC(N)=O)=O)N(C[C@H](O)C4)[C@@H]4C(N[C@@H](C(NCC(N)=O)=O)CCCNC(N)=N)=O,4.28
CCc1c(cc(c(c1CC(=O)N(CCOC)CCOC)C(=O)c2ccc(c(c2)OC)OCCN3CCOCC3)O)O,5.94
C[C@@H]1O[C@H](C[C@H](N)[C@@H]1O)O[C@H]2C[C@@](O)(Cc3c(O)c4C(=O)c5ccccc5C(=O)c4c(O)c23)C(=O)C,16.0
CN(C)C(=O)Cc1c(nc2ccc(C)cn12)c3ccc(C)cc3,1.7
CC(=O)Nc1nnc(s1)S(=O)(=O)N,13.0
COc1cc2CC[N+](C)(C)[C@@H]3Cc4ccc(O)c(Oc5cc6[C@H](Cc7ccc(Oc(c1O)c23)cc7)N(C)CCc6cc5OC)c4,2.0
N[C@@H](C(=O)N[C@H]1[C@H]2SCC(=C(N2C1=O)C(=O)O)CSc3c[nH]nn3)c4ccc(O)cc4,1.2
C[C@@H]1O[C@H](C[C@H](N)[C@@H]1O)O[C@H]2[C@@H](O)C[C@H](O[C@H]3C[C@@](O)(Cc4c(O)c5C(=O)c6ccccc6C(=O)c5c(O)c34)C(=O)CO)O[C@H]2C,21.0
CN\C(=C/N(=O)=O)\NCCSCc1csc(CN(C)C)n1,1.5
C1(=O)[C@@]2(C\C=C(\C)C(=O)O)[C@@]34Oc5c(c6c(c(c5C(C3=C[C@@H]1C[C@@H]4C(O2)(C)C)=O)O)C=C[C@](O6)(CC\C=C(\C)C)C)C\C=C(\C)C,14.6
C(CN)(=O)OC[C@H]([C@@H](c1ccc(cc1)S(=O)(=O)C)O)NC(=O)C(Cl)Cl,0.28
CC#CCN1C(=NC2=C1C(=O)N(CC1=NC3=C(C=CC=C3)C(C)=N1)C(=O)N2C)N1CCC[C@@H](N)C1,129.0
CC(C)(C)NC(=O)[C@H]1CC[C@H]2[C@@H]3CC=C4C=C(CC[C@]4(C)[C@H]3CC[C@]12C)C(=O)O,27.0
C(=N\c1ccncc1)(\N[C@@H](C(C)(C)C)C)NC#N,2.5
C([C@@H](C(N[C@@H](C(N[C@@H](C(N[C@@H](C(N[C@@H](C(N[C@@H](C(N[C@@H](C(N[C@@H](C(N[C@@H](C(N[C@@H](C(N[C@@H](C(N[C@@H](C(N[C@@H](C(N[C@@H](C(N[C@@H](C(N[C@@H](C(N[C@@H](C(N[C@@H](C(N[C@@H](C(NCC(N[C@@H](C(N[C@@H](C(C)C)C(O)=O)=O)CC(C)C)=O)=O)CCC(N)=O)=O)CC(C)C)=O)CC(C)C)=O)CCCNC(N)=N)=O)CCC(N)=O)=O)CC(C)C)=O)CCCNC(N)=N)=O)C)=O)CO)=O)CC(O)=O)=O)CCCNC(N)=N)=O)CC(C)C)=O)CCCNC(N)=N)=O)CO)=O)CC(C)C)=O)CCC(O)=O)=O)CO)=O)[C@@H](C)O)=O)NC([C@@H](NC(CNC([C@@H](NC([C@@H](NC([C@@H](Cc1[nH]ccn1)N)=O)CO)=O)CC(O)=O)=O)=O)[C@@H](C)O)=O)c1ccccc1,0.13
N[Pt+2]1(N)[O-]C(=O)C2(CCC2)C(=O)[O-]1,2.0
CCN(CC)CCNC(=O)c1ccc(NS(=O)(=O)C)cc1,3.8
C(CC)CCCCCCC(=O)N[C@H]1[C@H](Oc2c3cc4[C@H](C(N[C@@H]5c6cc(c7c([C@@H](NC([C@H]([C@@H](c8cc(c(O3)cc8)Cl)O[C@H]3[C@@H]([C@H]([C@H](O)[C@H](O3)CO)O)NC(C)=O)NC5=O)=O)C(=O)O)cc(O)cc7O[C@H]3O[C@@H]([C@@H](O)[C@@H]([C@@H]3O)O)CO)c(cc6)O)=O)NC([C@@H]3c5cc(Oc6cc(ccc6O)[C@@H](C(N[C@@H](C(N3)=O)Cc3cc(c(Oc2c4)cc3)Cl)=O)N)cc(c5)O)=O)O[C@@H]([C@H](O)[C@@H]1O)CO,49.3
CC(O)C(CO)NC(=O)C1CSSCC(NC(=O)C(N)CC2=CC=CC=C2)C(=O)NC(CC2=CC=CC=C2)C(=O)NC(CC2=CNC3=C2C=CC=C3)C(=O)NC(CCCCN)C(=O)NC(C(C)O)C(=O)N1,1.7
C[C@@H]1[C@H]2[C@H](O)[C@H]3[C@H](N(C)C)C(=C(C(=O)N)C(=O)[C@@]3(O)C(=C2C(=O)c4c(O)cccc14)O)O,14.0
CC1COc2c(N3CCN(C)CC3)c(F)cc4C(=O)C(=CN1c24)C(=O)O,8.9
O([C@H]([C@H](NC(c1nc([C@@H](NC[C@@H](C(N)=O)N)CC(N)=O)nc(c1C)N)=O)C(N[C@@H]([C@H]([C@@H](C(N[C@H](C(NCCc1nc(c2nc(C(NCCC[S+](C)C)=O)cs2)cs1)=O)[C@@H](C)O)=O)C)O)C)=O)c1c[nH]cn1)[C@@H]1[C@@H](O[C@@H]2[C@@H]([C@@H]([C@@H](O)[C@@H](O2)CO)OC(N)=O)O)[C@@H]([C@@H](O)[C@@H](O1)CO)O,3.9
c12c(N(C(=O)[C@H](N1C1CCCC1)CC)C)cnc(n2)Nc1c(cc(C(=O)NC2CCN(CC2)C)cc1)OC,40.1
C[C@H]1[C@H]([C@H](C[C@@H](O1)O[C@H]2C[C@@](Cc3c2c(c4c(c3O)C(=O)c5cccc(c5C4=O)OC)O)(C(=O)C)O)N)O,14.24
OS(=O)(=O)CCCNC(=O)C,3.2
c12c(C(=N)N)cccc1\C(=N\NC(=N)N)CC2,65.4
CC[C@]12CC[C@H]3[C@@H](CCC4=CC(=O)CC[C@H]34)[C@@H]1C=C[C@@]2(O)C#C,10.0
CC1(C)S[C@@H]2[C@H](NC(=O)C(C(=O)O)c3ccccc3)C(=O)N2[C@H]1C(=O)O,1.1
c1(nc(cc2ccccc12)C(=O)N([C@@H](CC)C)C)c1c(cccc1)Cl,3.7
Nc1nc(ns1)\C(=N\O)\C(=O)N[C@H]2[C@H]3SCC(=C(N3C2=O)C(=O)O)\C=C\4/CCN([C@@H]5CCNC5)C4=O,3.3
C1(C(=C([C@@](C(=C1C(\C=C\c1ccc(cc1)O)=O)O)(O)[C@H]1[C@H](O)[C@@H](O)[C@H](O)[C@H](O1)CO)O)[C@H]1[C@H](O)[C@@H](O)[C@H](O)[C@H](O1)CO)=O,2.9
N1(C([C@H]2N(C([C@@H](NC([C@H](C([C@@H](OC(C[C@@H]([C@H](NC([C@H]([C@H](OC([C@@H]1Cc1ccc(cc1)OC)=O)C)NC([C@H](N(C([C@H]1N(C(=O)[C@@H](O)C)CCC1)=O)C)CC(C)C)=O)=O)[C@H](CC)C)O)=O)C(C)C)=O)C)=O)CC(C)C)=O)CCC2)=O)C,4.8
C(=O)(c1cc(c(cc1)Nc1nc2c(cn1)N(C(=O)[C@H](N2C(C)C)CC)C)OC)N[C@H]1CC[C@@H](CC1)N1CCN(CC1)CC1CC1,113.0
C[C@H]1[C@H]([C@H](C[C@@H](O1)O[C@H]2C[C@@](Cc3c2c(c4c(c3O)C(=O)c5ccccc5C4=O)O)(C(=O)C)O)N6CC6)OS(=O)(=O)C,7.33
CC[C@H](C)C(=O)O[C@H]1C[C@@H](C)C=C2C=C[C@H](C)[C@H](CC[C@@H](O)C[C@@H](O)CC(=O)O)[C@@H]12,1.4
O=C1NCC2(CCN(CCc3ccccc3)CC2)O1,14.0
C(=C1\[C@@H]([N+](CC)(CC)CC1)C)(\c1ccccc1)c1ccccc1,2.13
Clc1ccc2NC(=O)CN=C(c3ccccc3Cl)c2c1,200.0
O1c2cccc(c2OCC1)N1CCNCC1,8.2
COc1cccc2C(=O)c3c(O)c4C[C@](O)(C[C@H](O[C@H]5C[C@H](N)[C@@H](O)[C@H](C)O5)c4c(O)c3C(=O)c12)C(=O)CO,36.0
N(Nc1nccnc1)=O,0.38
CN[C@@H](C)Cc1ccccc1,12.0
CO[C@]1(NC(=O)C2SC(=C(C(=O)N)C(=O)O)S2)[C@H]3SCC(=C(N3C1=O)C(=O)O)CSc4nnnn4C,4.5
C[C@H]1CN(CC[C@@]1(C)c2cccc(c2)O)C[C@H](Cc3ccccc3)C(=O)NCC(=O)O,5.3
c1(cc2c(cc1)[C@@H](c1c(cccc1)N(S2(=O)=O)C)NCCCCCCC(O)=O)Cl,1.4
CCN1N=NN(CCN2CCC(COC)(CC2)N(C(=O)CC)c3ccccc3)C1=O,1.6
C1(CC1)(c1c(cc2c(=O)c(cn3[C@H](COc1c23)C)C(O)=O)F)N,2.1
C[C@H](\C=C\[C@H](C)C(C)(C)O)[C@H]1CC[C@H]2\C(=C\C=C3C[C@@H](O)C[C@H](O)C3)\CCC[C@]12C,5.3
"s1cccc1[C@@H](Oc1cccc2c1cccc2)CCNC
",12.0
C(Nc1c(cc(NCc2ccc(F)cc2)cc1)N)(=O)OCC,9.0
Nc1nc(N)c2nc(c(N)nc2n1)c3ccccc3,4.3
CC[C@H](CC[C@@H](C)[C@H]1CC[C@H]2[C@@H]3CC=C4C[C@@H](O)CC[C@]4(C)[C@H]3CC[C@]12C)C(C)C,372.4
C1CC[C@@H]2C[C@H](N([C@@H]2C1)C([C@H](C)N[C@@H](CCc1ccccc1)C(OCC)=O)=O)C(=O)O,0.26
C(C(F)(F)F)(C(F)(F)F)(F)F,0.02
COc1cc2c(cc1OCCCCCCC(=O)NO)c(ncn2)Nc3cccc(c3)C#C,5.01
N[C@@H]1[C@H]2CN(C[C@@H]12)c3nc4N(C=C(C(=O)O)C(=O)c4cc3F)c5ccc(F)cc5F,11.0
[n+]1(ccc(\C=N\O)cc1)COC[n+]1ccc(\C=N\O)cc1.[ClH-].[ClH-],1.2
[H]OC([C@@]1(CCN(C[C@H]1C)C1CCC(CC1)(C#N)c1ccc(cc1)F)c1ccccc1)=O,33.0
CO[C@]12CC[C@@]3(C[C@@H]1[C@](C)(O)C(C)(C)C)[C@H]4Cc5ccc(O)c6O[C@@H]2[C@]3(CCN4CC7CC7)c56,3.2
C(P(O)(O)=O)(P(O)(O)=O)(CCCN)O,3.1
C[C@]12CC[C@H]3[C@@H](CCc4cc(OC(=O)N(CCCl)CCCl)ccc34)[C@@H]1CC[C@@H]2OP(=O)(O)O,2.4
COC(=O)C1(CC1)OC(=O)c2cncn2[C@H](C)c3ccccc3,0.24
CC[C@H]1OC(=O)[C@H](C)[C@@H](O[C@H]2C[C@@](C)(OC)[C@@H](O)[C@H](C)O2)[C@H](C)[C@@H](O[C@@H]3O[C@H](C)C[C@@H]([C@H]3O)N(C)C)[C@](C)(O)C[C@@H](C)C(=O)[C@H](C)[C@@H](O)[C@]1(C)O,2.0
C[C@]12CC(=O)[C@H]3[C@@H](CCC4=CC(=O)C=C[C@]34C)[C@@H]1CC[C@]2(O)C(=O)CO,2.9
CCOC(=O)C1=C(C)NC(=C(C1c2cccc(c2)N(=O)=O)C(=O)OC)C,8.2
[H]N([H])C(C(CCn1ccnc1C)(c1ccccc1)c1ccccc1)=O,3.2
c1cc2c(cc1O)c(c[nH]2)C[C@@H](C(=O)O)N,6.14
COC(=O)C1=C(C)NC(=C(C1c2cccc3nonc23)C(=O)OC(C)C)C,3.3
NC1=CC(=CNC1=O)c2ccncc2,2.0
Clc1ccc2nsnc2c1NC3=NCCN3,2.4
CNS(=O)(=O)Cc1ccc2[nH]cc(CCN(C)C)c2c1,1.7
c1ccc2c(C3(CCC2c2ccccc32)C[C@H](CNC)O)c1,18.8
CN(C)C(=O)Oc1cc(OC(=O)N(C)C)cc(c1)C(O)CNC(C)(C)C,2.6
NC1=NC(=O)N(C=C1)[C@H]2CC[C@@H](CO)O2,1.2
c12c3c4c(ccc(c4O)O)C[C@H]1[N@@](CCc2ccc3)C,0.68
c1cc2n(c(c3ccc(cc3)O)c(c2cc1O)C)Cc1ccc(OCCN2CCCCCC2)cc1,30.0
NC[C@@H](O)C[C@H]5O[C@H]4C[C@H]9O[C@@H](CC[C@@H]1O[C@H](CC1=C)CC[C@@]32O[C@@H]6[C@@H]8O[C@H](C2)[C@H](O3)[C@@H]8O[C@H]7CC[C@H](CC(=O)O[C@@H]4[C@H]5OC)O[C@H]67)C[C@@H](C)C9=C,37.8
CCCCCN(CCCOC)C(=O)[C@@H](CCC(=O)O)NC(=O)c1ccc(Cl)c(Cl)c1,1.2
CN1CCC[C@H]1c2cccnc2,2.0
NC[C@H]1O[C@H](O[C@@H]2[C@@H](N)C[C@@H](N)[C@H](O[C@H]3O[C@H](CO)[C@@H](O)[C@H](N)[C@H]3O)[C@H]2O)[C@H](N)C[C@@H]1O,2.0
CN1CCOC(c2ccccc2)c3ccccc3C1,5.0
OC1N=C(c2ccccc2Cl)c3cc(Cl)ccc3NC1=O,17.0
Cc1ccc(cc1)C(=O)c2cc(O)c(O)c(c2)N(=O)=O,1.1
CN[C@H]1CN(C[C@@H]1OC)c2ccc3c(=O)c(cn(c3n2)c4nccs4)C(=O)O,25.5
CN1C(=O)N(C)c2ncn(CC(O)CO)c2C1=O,1.7
c12c(c(=O)c(cn1CC)C(=O)O)cc(c(c2)N1CCNCC1)F,4.45
COc1ccc(cc1)C(=O)Nc2ccccc2CCC3CCCCN3C,2.6
CCCCCCC(C)(C)c1cc(c2c(c1)OC([C@@H]3[C@@H]2CC(=CC3)CO)(C)C)O,7.33
NNC(=O)c1ccncc1,1.0
C1CC1C(C2CC2)NC3=NCCO3,8.3
C[C@H]1C[C@H]2[C@@H]3CCC4=CC(=O)C=C[C@]4(C)[C@@]3(F)[C@@H](O)C[C@]2(C)[C@@]1(O)C(=O)CO,5.6
[H]N(CC(N1CCC[C@@H]1C#N)=O)C12C[C@@H]3C[C@H](C1)CC(C3)(C2)O[H],1.67
CC1(C)S[C@@H]2[C@H](NC(=O)Cc3ccccc3)C(=O)N2[C@H]1C(=O)O,0.7
C[C@]12CCC3=C4CCC(=O)C=C4CC[C@H]3[C@@H]1CC[C@@]2(O)CC#N,11.0
CCN1C=C(C(=O)O)C(=O)c2cc(F)c(cc12)N3CCN(C)CC3,11.0
CO[C@@H]1C[C@H](C[C@@H](C)[C@@H]2CC(=O)[C@H](C)\C=C(/C)\[C@@H](O)[C@@H](OC)C(=O)[C@H](C)C[C@H](C)\C=C\C=C\C=C(/C)\[C@H](C[C@@H]3CC[C@@H](C)[C@@](O)(O3)C(=O)C(=O)N4CCCC[C@H]4C(=O)O2)OC)CC[C@H]1OC(=O)C(C)(CO)CO,18.0
CO[C@]1(NC(=O)CSCC#N)[C@H]2SCC(=C(N2C1=O)C(=O)O)CSc3nnnn3C,1.5
CC1CCN(CCCC(=O)c2ccc(F)cc2)CC1,3.9
O[C@@H]1[C@@H](C[C@](O)(C[C@H]1OC(=O)\C=C\c2ccc(O)c(O)c2)C(=O)O)OC(=O)\C=C\c3ccc(O)c(O)c3,3.17
[H]O[C@H]1[C@H](C)O[C@@H](C[C@@H]1OC)O[C@@H]1[C@@H](C)C(=O)O[C@H](C)[C@H](C)[C@@H]([C@@H](C)C([C@]2(C[C@H](C)[C@@H]([C@H]1C)O[C@@H]1[C@@H]([C@@H](C[C@H](C)O1)N(C)C)O[H])CO2)=O)O[H],1.05
Cc1cccc(c1)N2CC(CO)OC2=O,1.6
CC(C)Cc1ccc(cc1)C(C)C(=O)O,1.6
c12c3[C@@H]4[C@H]([N@@](C[C@@H](C4)CNC(OCc4ccccc4)=O)C)Cc1cn(c2ccc3)C,0.93
COc1ccc2CN(C)CC[C@@]34C=C[C@H](O)C[C@@H]3Oc1c24,5.3
C1CN=C(N1)C2COc3ccccc3O2,4.2
Cc1ccc(cn1)c2ncc(Cl)cc2c3ccc(cc3)S(=O)(=O)C,26.0
O[C@H]1CC[C@@]2(O)[C@H]3Cc4ccc(O)c5O[C@@H]1[C@]2(CCN3CC6CCC6)c45,3.7
c1(S(Nc2ccccn2)(=O)=O)ccc(\N=N\c2cc(c(O)cc2)C(O)=O)cc1,7.6
CCc1cc2c(cc1N3CCC(CC3)N4CCOCC4)C(c5c(c6ccc(cc6[nH]5)C#N)C2=O)(C)C,11.7
[O-]C(=O)C1=C(C[n+]2ccccc2)CS[C@@H]3[C@H](NC(=O)Cc4cccs4)C(=O)N13,1.5
C1(=O)[C@H]([C@@H]2N1C(=C(CS2)Sc1scc(n1)c1cc[n+](cc1)C)C(=O)[O-])NC(=O)/C(=N\OCC)c1nc(sn1)NP(=O)(O)O,0.09
n1c(=O)c2cc(CN(c3ccc(C(=O)N[C@@H](CCc4nnn[nH]4)C(=O)O)c(c3)F)CC#C)c(C)cc2[nH]c1C,78.5
ClCCNC(=O)N(CCCl)N=O,0.37
Cc1ccc(cc1Cc2ccc(s2)c3ccc(cc3)F)[C@H]4[C@@H]([C@H]([C@@H]([C@H](O4)CO)O)O)O,10.3
C[C@@H]1CC2=CC(=O)CC[C@@H]2[C@H]3CC[C@]4(C)[C@@H](O)CC[C@H]4[C@H]13,0.65
O(C)c1c2c3c(c(c1OC)Br)CCN([C@H]3Cc1cc(c(cc1)OC)Oc1ccc(C[C@H]3c4cc(O2)c(OC)cc4CCN3C)cc1)C,59.4
CN(C)CCc1c[nH]c2ccc(CS(=O)(=O)N3CCCC3)cc12,3.4
N(c1cc(ccc1)O)(c1ccc(C)cc1)CC=1NCCN1,2.5
CCOc1ccc(\C=C\2/NCCc3cc(OCC)c(OCC)cc23)cc1OCC,9.3
CCC1(CCCCN(C)C1)c2cccc(O)c2,1.7
C1[C@H](N(CS1)C([C@@H]1CCC(N1)=O)=O)C(O)=O,3.8
CCC#CC(C)C1(CC=C)C(=O)NC(=O)N(C)C1=O,1.6
CN(C)C(=N)NC(=N)N,1.7
c1cc(c(cc1C[C@H](C(=O)O)OC(=O)/C=C/c2ccc(c3c2[C@@H]([C@H](O3)c4ccc(c(c4)O)O)C(=O)OC(Cc5ccc(c(c5)O)O)C(=O)O)O)O)O,0.29
[Si](C(C)(C)C)(C)(C)C(=C1C(C(N(C1)C(=O)C1=C2[C@](CC)(O)C(OC1)=O)=C2)=N1)C(C1=CC1)=CC=1O,1.4
NC[C@@H]1CC[C@@H](N)[C@@H](O[C@@H]2[C@@H](N)C[C@@H](N)[C@H](O[C@H]3O[C@H](CO)[C@@H](O)[C@H](N)[C@H]3O)[C@H]2O)O1,2.4
CCOC(=O)c1cncn1[C@H](C)c2ccccc2,3.5
CC(C)NC(=O)NS(=O)(=O)c1cnccc1Nc2cccc(C)c2,5.1
COc1ccccc1Oc2c(NS(=O)(=O)c3ccc(cc3)C(C)(C)C)nc(nc2OCCO)c4ncccn4,4.1
COC(=O)O[C@@]12CO[C@@H]1C[C@H](O)[C@]3(C)[C@@H]2[C@H](OC(=O)c4ccccc4)[C@]5(O)C[C@H](OC(=O)[C@H](O)[C@@H](NC(=O)c6ccccc6)c7ccccc7)C(=C([C@@H](OC(=O)C)C3=O)C5(C)C)C,31.0
c1(c(ccc(c1)S(C)(=O)=O)OC)C(NCCN(CC)CC)=O,3.2
CN1[C@@H](CCC1=O)c2cccnc2,17.0
CC1=CC=C(SC2=C(C=CC=C2)N2CCNCC2)C(C)=C1,72.0
CNCC[C@@H](Oc1ccccc1C)c2ccccc2,5.2
CN1C(=O)NC(=O)C(C)(C2=CCCCC2)C1=O,4.9
ONC(=O)CCCCCCC(=O)Nc1ccccc1,0.76
NC12CC3CC(CC(C3)C1)C2,16.0
C12(CCC(CC1)(CC2)c1[nH]c2c(n(c(n(c2n1)CCC)=O)CCC)=O)CCC(=O)O,16.0
